[    0.0s] $ nvidia-smi
Tue Aug 25 15:47:48 2026       
+-----------------------------------------------------------------------------------------+
| NVIDIA-SMI 580.159.04             Driver Version: 580.159.04     CUDA Version: 13.0     |
+-----------------------------------------+------------------------+----------------------+
| GPU  Name                 Persistence-M | Bus-Id          Disp.A | Volatile Uncorr. ECC |
| Fan  Temp   Perf          Pwr:Usage/Cap |           Memory-Usage | GPU-Util  Compute M. |
|                                         |                        |               MIG M. |
|=========================================+========================+======================|
|   0  Tesla T4                       Off |   00000000:00:04.0 Off |                    0 |
| N/A   57C    P8             10W /   70W |       0MiB /  15360MiB |      0%      Default |
|                                         |                        |                  N/A |
+-----------------------------------------+------------------------+----------------------+
|   1  Tesla T4                       Off |   00000000:00:05.0 Off |                    0 |
| N/A   59C    P8             11W /   70W |       0MiB /  15360MiB |      0%      Default |
|                                         |                        |                  N/A |
+-----------------------------------------+------------------------+----------------------+

+-----------------------------------------------------------------------------------------+
| Processes:                                                                              |
|  GPU   GI   CI              PID   Type   Process name                        GPU Memory |
|        ID   ID                                                               Usage      |
|=========================================================================================|
|  No running processes found                                                             |
+-----------------------------------------------------------------------------------------+

[    0.4s]   -> exit 0 in 0.4s
[    0.4s] $ apt-get install -y -qq libpango1.0-dev libcairo2-dev pkg-config
(Reading database ... 
(Reading database ... 5%
(Reading database ... 10%
(Reading database ... 15%
(Reading database ... 20%
(Reading database ... 25%
(Reading database ... 30%
(Reading database ... 35%
(Reading database ... 40%
(Reading database ... 45%
(Reading database ... 50%
(Reading database ... 55%
(Reading database ... 60%
(Reading database ... 65%
(Reading database ... 70%
(Reading database ... 75%
(Reading database ... 80%
(Reading database ... 85%
(Reading database ... 90%
(Reading database ... 95%
(Reading database ... 100%
(Reading database ... 125186 files and directories currently installed.)
Removing r-base-dev (4.6.0-3.2204.0) ...
dpkg: pkgconf: dependency problems, but removing anyway as you requested:
 libsndfile1-dev:amd64 depends on pkg-config; however:
  Package pkg-config is not installed.
  Package pkgconf which provides pkg-config is to be removed.
 libmkl-dev:amd64 depends on pkg-config; however:
  Package pkg-config is not installed.
  Package pkgconf which provides pkg-config is to be removed.
 libmagickwand-6.q16-dev:amd64 depends on pkg-config; however:
  Package pkg-config is not installed.
  Package pkgconf which provides pkg-config is to be removed.
 libmagickcore-6.q16-dev:amd64 depends on pkg-config; however:
  Package pkg-config is not installed.
  Package pkgconf which provides pkg-config is to be removed.
 libglib2.0-dev:amd64 depends on pkg-config; however:
  Package pkg-config is not installed.
  Package pkgconf which provides pkg-config is to be removed.
 libfontconfig-dev:amd64 depends on pkg-config; however:
  Package pkg-config is not installed.
  Package pkgconf which provides pkg-config is to be removed.

Removing pkgconf (1.8.0-1) ...
Removing 'diversion of /usr/bin/pkg-config to /usr/bin/pkg-config.real by pkgconf'
Removing 'diversion of /usr/share/aclocal/pkg.m4 to /usr/share/aclocal/pkg.real.m4 by pkgconf'
Removing 'diversion of /usr/share/man/man1/pkg-config.1.gz to /usr/share/man/man1/pkg-config.real.1.gz by pkgco
... [2904 chars elided] ...
e2-3:amd64 (1.3.14-1ubuntu0.1) ...
Setting up libharfbuzz-icu0:amd64 (2.7.4-1ubuntu3.2) ...
Setting up libfribidi-dev:amd64 (1.0.8-2ubuntu3.1) ...
Setting up pango1.0-tools (1.50.6+ds-2ubuntu1) ...
Setting up libharfbuzz-gobject0:amd64 (2.7.4-1ubuntu3.2) ...
Setting up libgraphite2-dev:amd64 (1.3.14-1ubuntu0.1) ...
Setting up r-base-core (4.6.1-1.2204.1) ...
Installing new version of config file /etc/R/Makeconf ...
Setting up pkg-config (0.29.2-1ubuntu3) ...
Setting up libdatrie-dev:amd64 (0.2.13-2) ...
Setting up libharfbuzz-dev:amd64 (2.7.4-1ubuntu3.2) ...
Setting up libthai-dev:amd64 (0.1.29-1build1) ...
Setting up libpango1.0-dev:amd64 (1.50.6+ds-2ubuntu1) ...
Processing triggers for hicolor-icon-theme (0.17-2) ...
Processing triggers for libc-bin (2.35-0ubuntu3.8) ...
/sbin/ldconfig.real: /usr/local/lib/libtbbbind_2_5.so.3 is not a symbolic link

/sbin/ldconfig.real: /usr/local/lib/libur_adapter_level_zero.so.0 is not a symbolic link

/sbin/ldconfig.real: /usr/local/lib/libtbbbind.so.3 is not a symbolic link

/sbin/ldconfig.real: /usr/local/lib/libur_adapter_level_zero_v2.so.0 is not a symbolic link

/sbin/ldconfig.real: /usr/local/lib/libtbbbind_2_0.so.3 is not a symbolic link

/sbin/ldconfig.real: /usr/local/lib/libur_loader.so.0 is not a symbolic link

/sbin/ldconfig.real: /usr/local/lib/libtbb.so.12 is not a symbolic link

/sbin/ldconfig.real: /usr/local/lib/libumf.so.1 is not a symbolic link

/sbin/ldconfig.real: /usr/local/lib/libtcm_debug.so.1 is not a symbolic link

/sbin/ldconfig.real: /usr/local/lib/libur_adapter_opencl.so.0 is not a symbolic link

/sbin/ldconfig.real: /usr/local/lib/libtbbmalloc_proxy.so.2 is not a symbolic link

/sbin/ldconfig.real: /usr/local/lib/libtcm.so.1 is not a symbolic link

/sbin/ldconfig.real: /usr/local/lib/libtbbmalloc.so.2 is not a symbolic link

/sbin/ldconfig.real: /usr/local/lib/libhwloc.so.15 is not a symbolic link

Processing triggers for man-db (2.10.2-1) ...
Processing triggers for mailcap (3.70+nmu1ubuntu1) ...

[   18.4s]   -> exit 0 in 17.9s
[   18.4s] $ git clone --depth 1 https://github.com/algorithmicsimplicity/algan.git /kaggle/working/algan_repo
Cloning into '/kaggle/working/algan_repo'...

[   21.6s]   -> exit 0 in 3.2s
[   21.6s] clone HEAD = df07859d4db1b32a3bbe6bf25f67c81ec53e518a  (expected base df07859d4db1b32a3bbe6bf25f67c81ec53e518a)
[   21.6s] $ git checkout -- . && git clean -qfd algan benchmarks scratch_perf tests

[   22.0s]   -> exit 0 in 0.4s
[   22.0s] patch [6dfba54b35adf0de]: 14967 chars, 7 files
[   22.0s] $ git apply --verbose --whitespace=nowarn /kaggle/working/payloads/6dfba54b35adf0de/overlay.patch
Checking patch algan/mobs/surfaces/surface.py...
Checking patch algan/utils/profiling_utils.py...
Checking patch benchmarks/performance/nn_scene_PREVIEW.py...
Checking patch benchmarks/performance/nn_scene_UHD.py...
Checking patch docs/source/advanced_user_tutorials/images_and_textures.rst...
Checking patch tests/unit_tests/test_surface_shape_and_image_mob.py...
Checking patch tests/unit_tests/test_wide_attr_device.py...
Applied patch algan/mobs/surfaces/surface.py cleanly.
Applied patch algan/utils/profiling_utils.py cleanly.
Applied patch benchmarks/performance/nn_scene_PREVIEW.py cleanly.
Applied patch benchmarks/performance/nn_scene_UHD.py cleanly.
Applied patch docs/source/advanced_user_tutorials/images_and_textures.rst cleanly.
Applied patch tests/unit_tests/test_surface_shape_and_image_mob.py cleanly.
Applied patch tests/unit_tests/test_wide_attr_device.py cleanly.

[   22.0s]   -> exit 0 in 0.0s
[   22.0s] extra files: ['benchmarks/performance/nn_ablation.py']
[   22.0s] $ git status --porcelain
 M algan/mobs/surfaces/surface.py
 M algan/utils/profiling_utils.py
 M benchmarks/performance/nn_scene_PREVIEW.py
 M benchmarks/performance/nn_scene_UHD.py
 M docs/source/advanced_user_tutorials/images_and_textures.rst
 M tests/unit_tests/test_surface_shape_and_image_mob.py
 M tests/unit_tests/test_wide_attr_device.py
?? benchmarks/performance/nn_ablation.py

[   22.0s]   -> exit 0 in 0.0s
[   22.0s] $ pip install -q -e /kaggle/working/algan_repo
     ━━━━━━━━━━━━━━━━━━━━━━━━━━━━━━━━━━━━━━━━ 44.9/44.9 kB 2.8 MB/s eta 0:00:00
     ━━━━━━━━━━━━━━━━━━━━━━━━━━━━━━━━━━━━━━━━ 4.1/4.1 MB 58.4 MB/s eta 0:00:00
   ━━━━━━━━━━━━━━━━━━━━━━━━━━━━━━━━━━━━━━━━ 55.0/55.0 kB 3.7 MB/s eta 0:00:00
   ━━━━━━━━━━━━━━━━━━━━━━━━━━━━━━━━━━━━━━━━ 679.4/679.4 kB 29.5 MB/s eta 0:00:00
   ━━━━━━━━━━━━━━━━━━━━━━━━━━━━━━━━━━━━━━━━ 59.2/59.2 kB 4.1 MB/s eta 0:00:00
   ━━━━━━━━━━━━━━━━━━━━━━━━━━━━━━━━━━━━━━━━ 129.9/129.9 kB 10.1 MB/s eta 0:00:00
   ━━━━━━━━━━━━━━━━━━━━━━━━━━━━━━━━━━━━━━━━ 16.7/16.7 MB 60.9 MB/s eta 0:00:00
   ━━━━━━━━━━━━━━━━━━━━━━━━━━━━━━━━━━━━━━━━ 3.3/3.3 MB 73.7 MB/s eta 0:00:00
   ━━━━━━━━━━━━━━━━━━━━━━━━━━━━━━━━━━━━━━━━ 137.9/137.9 kB 11.6 MB/s eta 0:00:00
   ━━━━━━━━━━━━━━━━━━━━━━━━━━━━━━━━━━━━━━━━ 56.3/56.3 MB 32.9 MB/s eta 0:00:00
   ━━━━━━━━━━━━━━━━━━━━━━━━━━━━━━━━━━━━━━━━ 745.5/745.5 kB 45.2 MB/s eta 0:00:00
   ━━━━━━━━━━━━━━━━━━━━━━━━━━━━━━━━━━━━━━━━ 35.8/35.8 MB 50.2 MB/s eta 0:00:00
   ━━━━━━━━━━━━━━━━━━━━━━━━━━━━━━━━━━━━━━━━ 296.4/296.4 kB 22.2 MB/s eta 0:00:00
   ━━━━━━━━━━━━━━━━━━━━━━━━━━━━━━━━━━━━━━━━ 382.4/382.4 kB 28.2 MB/s eta 0:00:00
   ━━━━━━━━━━━━━━━━━━━━━━━━━━━━━━━━━━━━━━━━ 51.4/51.4 kB 4.4 MB/s eta 0:00:00
   ━━━━━━━━━━━━━━━━━━━━━━━━━━━━━━━━━━━━━━━━ 1.0/1.0 MB 56.6 MB/s eta 0:00:00
   ━━━━━━━━━━━━━━━━━━━━━━━━━━━━━━━━━━━━━━━━ 11.7/11.7 MB 110.4 MB/s eta 0:00:00
ERROR: pip's dependency resolver does not currently take into account all the packages that are installed. This behaviour is the source of the following dependency conflicts.
bigframes 2.39.0 requires google-cloud-bigquery-storage<3.0.0,>=2.30.0, which is not installed.
ydata-profiling 4.18.4 requires numpy<2.4,>=1.22, but you have numpy 2.5.2 which is incompatible.
google-colab 1.0.0 requires jupyter-server==2.14.0, but you have jupyter-server 2.12.5 which is incompatible.
google-colab 1.0.0 requires pandas==2.2.2, but you have pandas 2.3.3 which is incompatible.
dopamine-rl 4.1.2 requires gym<=0.25.2, but you have gym 0.26.2 which is incompatible.
numba 0.60.0 requires numpy<2.1,>=1.22, but you have numpy 2.5.2 which is incompatible.

[   65.8s]   -> exit 0 in 43.8s
[   65.8s] === ARM pv_base: nn_ablation.py base PREVIEW  env={}
[   65.8s] $ python nn_ablation.py base PREVIEW
/usr/local/lib/python3.12/dist-packages/pydub/utils.py:300: SyntaxWarning: invalid escape sequence '\('
  m = re.match('([su]([0-9]{1,2})p?) \(([0-9]{1,2}) bit\)$', token)
/usr/local/lib/python3.12/dist-packages/pydub/utils.py:301: SyntaxWarning: invalid escape sequence '\('
  m2 = re.match('([su]([0-9]{1,2})p?)( \(default\))?$', token)
/usr/local/lib/python3.12/dist-packages/pydub/utils.py:310: SyntaxWarning: invalid escape sequence '\('
  elif re.match('(flt)p?( \(default\))?$', token):
/usr/local/lib/python3.12/dist-packages/pydub/utils.py:314: SyntaxWarning: invalid escape sequence '\('
  elif re.match('(dbl)p?( \(default\))?$', token):
Rendering device set to cuda
[Taichi] version 1.7.4, llvm 15.0.4, commit b4b956fd, linux, python 3.12.13
[Taichi] Starting on arch=cuda
ARM=base  QUALITY=PREVIEW  ALGAN_ANALYTIC_AA_SECONDARY=(default)
Encoding video with libx264
Began rendering profilingnn_abl_base_PREVIEW_run1.mp4
Preparing render kernels. If this is the first render on this machine (or after an update), compiling the GPU kernels can take several minutes. Compiled kernels are cached, so subsequent renders start immediately.
[W 08/25/26 15:49:23.923 396] TaichiWarning
While compiling `opaque_prefix_keep_c144_0`, File "/kaggle/working/algan_repo/algan/rendering/raytracing/sheet_compact_taichi.py", line 268, in opaque_prefix_keep:
            keep[jj] = 1 if jj <= ke else 0
            ^^^^^^^^^^^^^^^^^^^^^^^^^^^^^^^
Assign may lose precision: u8 <- i32
Finished rendering profilingnn_abl_base_PREVIEW_run1.mp4 in 61.3 s
Encoding video with libx264
Began rendering profilingnn_abl_base_PREVIEW_run2.mp4
Finished rendering profilingnn_abl_base_PREVIEW_run2.mp4 in 5.9 s
[profiling] hooked 38 Taichi kernels (170 ti.funcs are inlined and not separately timed)

===== profiling run 1/2 (cold) =====

===== profiling run 2/2 (warm) =====

==============================================================================
Algan ray-tracing scene profile
==============================================================================
device: Tesla T4
  driver 580.159.04  compute cap 7.5  15360 MiB  max SM 1590 MHz / mem 5001 MHz  PCIe gen3 x16
  profiling tools: nvidia-smi=yes, nvprof=yes, ncu=yes, nsys=no
  Taichi kernel profiler: off (wall-time only)
  hooked kernels (38): bezier_chord_hull_error, compact_ray_slots, env_background_prefill, fill_background_from_func, finalize_samples, gather_fragment_arrays, gloss_composite, gloss_pyramid_level, gloss_scatter, mask_popcount, one_mesh_pixel_apply, one_mesh_pixel_reduce, opaque_prefix_keep, path_trace_physical_stbvh, path_trace_scene_stbvh, pn_edge_chord_error, pn_patch_flatness_error, raster_bez_count, raster_bez_write, raster_shadow_trace, raster_tri_count, raster_tri_write, sheet_band_reduce, sheet_conflict_rank, sheet_lane_first_owner, sheet_resolve_shade, wavefront_generate_rays, wavefront_shade, wavefront_shadow, wavefront_traverse, wavefront_traverse_events, wf_composite, wf_composite_aa, wf_composite_accum, wf_composite_accum_aa, wf_composite_accum_sparse, wf_finalize_aa, wf_finalize_uncovered

------------------------------------------------------------------------------
RUN 1 (cold (includes Taichi JIT compile)): end-to-end 61.52s
------------------------------------------------------------------------------
incl is wall time, excl is time spent in function excluding sub-processes of another tracked stage
stage                                                calls  incl (s) incl (%)  excl (s)  excl (%)launch    sync      
ray traced render total                                  5    55.963    91.0%     0.019     0.0%     0.000     0.000
wavefront_loop                                           5    55.153    89.6%     0.050     0.1%     0.000     0.000
Scene.get_batch_of_primitives                            3    54.587    88.7%     0.476     0.8%     0.000     0.000
AnimationTimeline.set_state_to_times                     3    52.375    85.1%    42.022    68.3%     0.000     0.000
raster: sparse resolve                                   5    34.396    55.9%     0.015     0.0%     0.000     0.000
kernel: sheet_resolve_shade                             10    31.683    51.5%    31.683    51.5%    31.654     0.028
AttributeTimeline.get                                22980    10.329    16.8%    10.329    16.8%     0.000     0.000
kernel: wavefront_shade                                 40     9.802    15.9%     9.802    15.9%     9.191     0.610
raster: sparse discovery                                 5     8.166    13.3%     0.065     0.1%     0.000     0.000
arena preflight (batch)                                  3     3.563     5.8%     0.007     0.0%     0.000     0.000
kernel: raster_shadow_trace                              5     2.699     4.4%     2.699     4.4%     2.128     0.570
  - project_to_screen (prewarm)                          3     2.580     4.2%     0.141     0.2%     0.000     0.000
kernel: raster_tri_count                                10     2.554     4.2%     2.554     4.2%     2.433     0.120
kernel: raster_tri_write                                10     2.271     3.7%     2.271     3.7%     2.171     0.099
logical PN: dice + shade + pack (project_to_screen)      9     1.924     3.1%     0.053     0.1%     0.000     0.000
logical PN:   - _dice_logical_pn                         9     1.871     3.0%     0.421     0.7%     0.000     0.000
kernel: wavefront_traverse_events                       40     1.731     2.8%     1.731     2.8%     1.494     0.236
surfaces: get_render_primitives_batched                  6     1.573     2.6%     1.458     2.4%     0.000     0.000
raster:   - compact_sheets                               5     1.134     1.8%     0.354     0.6%     0.000     0.000
logical PN:     - subdivision levels                     9     1.117     1.8%     0.111     0.2%     0.000     0.000
merge collections + build BVHs                           3     0.976     1.6%     0.574     0.9%     0.000     0.000
kernel: raster_bez_count                                 5     0.935     1.5%     0.935     1.5%     0.933     0.002
post-process (downsample/FXAA/glow)                      5     0.786     1.3%     0.025     0.0%     0.000     0.000
kernel: raster_bez_write                                 5     0.639     1.0%     0.639     1.0%     0.636     0.003
logical PN:       - edge level search                    9     0.610     1.0%     0.126     0.2%     0.000     0.000
post:   - bloom fft conv                                20     0.594     1.0%     0.594     1.0%     0.000     0.000
beziers: sample + pack (project_to_screen)               3     0.515     0.8%     0.013     0.0%     0.000     0.000
logical PN:         - edge chord error                  12     0.484     0.8%     0.002     0.0%     0.000     0.000
kernel: pn_edge_chord_error                             12     0.482     0.8%     0.482     0.8%     0.481     0.001
AttributeTimeline.modify                              4578     0.459     0.7%     0.459     0.7%     0.000     0.000
kernel: gloss_composite                                 50     0.425     0.7%     0.425     0.7%     0.422     0.002
logical PN:       - patch level search                   9     0.394     0.6%     0.033     0.1%     0.000     0.000
  - refit-BVH build (in merge)                           6     0.387     0.6%     0.387     0.6%     0.000     0.000
logical PN:         - patch flatness error              18     0.364     0.6%     0.003     0.0%     0.000     0.000
kernel: pn_patch_flatness_error                         18     0.360     0.6%     0.360     0.6%     0.359     0.001
beziers:   - _compute_samples_per_segment                3     0.321     0.5%     0.005     0.0%     0.000     0.000
kernel: bezier_chord_hull_error                         12     0.317     0.5%     0.317     0.5%     0.316     0.000
AttributeTimeline.rematerialize_state_at_times          78     0.281     0.5%     0.281     0.5%     0.000     0.000
logical PN:     - interpolate attrs                    343     0.228     0.4%     0.228     0.4%     0.000     0.000
beziers:   - _build_circuit_geometry                     3     0.176     0.3%     0.176     0.3%     0.000     0.000
kernel: gloss_pyramid_level                            450     0.169     0.3%     0.169     0.3%     0.157     0.009
kernel: one_mesh_pixel_reduce                            5     0.166     0.3%     0.166     0.3%     0.145     0.021
raster:     - sheets lexsort                            15     0.164     0.3%     0.164     0.3%     0.000     0.000
raster:     - sheets band composite                      5     0.153     0.2%     0.005     0.0%     0.000     0.000
AttributeTimeline.add                                 2770     0.151     0.2%     0.151     0.2%     0.000     0.000
raster:     - sheets band reduce                        10     0.151     0.2%     0.004     0.0%     0.000     0.000
post:   - tonemap/finalize                               5     0.147     0.2%     0.147     0.2%     0.000     0.000
kernel: sheet_band_reduce                               10     0.147     0.2%     0.147     0.2%     0.142     0.005
kernel: gloss_scatter                                   50     0.141     0.2%     0.141     0.2%     0.139     0.001
raster:   - window pairs                                10     0.129     0.2%     0.129     0.2%     0.000     0.000
raster:     - sheets conflict rank                       5     0.122     0.2%     0.001     0.0%     0.000     0.000
kernel: sheet_conflict_rank                              5     0.121     0.2%     0.121     0.2%     0.117     0.005
kernel: wf_composite_accum_sparse                       50     0.117     0.2%     0.117     0.2%     0.116     0.001
raster:     - sheets shade class                         5     0.110     0.2%     0.110     0.2%     0.000     0.000
wavefront:   - compact active                           45     0.103     0.2%     0.017     0.0%     0.000     0.000
Surface.get_render_primitives                            3     0.099     0.2%     0.097     0.2%     0.000     0.000
kernel: one_mesh_pixel_apply                             5     0.092     0.2%     0.092     0.2%     0.088     0.004
kernel: opaque_prefix_keep                               5     0.092     0.1%     0.092     0.1%     0.090     0.001
kernel: compact_ray_slots                               45     0.087     0.1%     0.087     0.1%     0.074     0.012
kernel: sheet_lane_first_owner                           5     0.082     0.1%     0.082     0.1%     0.080     0.002
raster:   - fragment sort                                5     0.080     0.1%     0.080     0.1%     0.000     0.000
raster:     - sheets prim split                          5     0.073     0.1%     0.073     0.1%     0.000     0.000
kernel: mask_popcount                                    5     0.070     0.1%     0.070     0.1%     0.069     0.000
wavefront:   - raster tables (batch)                     3     0.052     0.1%     0.001     0.0%     0.000     0.000
logical PN:     - evaluate patch                        17     0.048     0.1%     0.048     0.1%     0.000     0.000
logical PN:     - snap boundary                         34     0.045     0.1%     0.045     0.1%     0.000     0.000
scene upload to arena                                    3     0.033     0.1%     0.033     0.1%     0.000     0.000
raster:   - precompute tri projection                    3     0.020     0.0%     0.020     0.0%     0.000     0.000
raster:   - precompute bez bounds                        3     0.020     0.0%     0.020     0.0%     0.000     0.000
post:   - device->host copy                              5     0.016     0.0%     0.016     0.0%     0.000     0.000
video encode tail (ffmpeg drain)                         1     0.016     0.0%     0.016     0.0%     0.000     0.000
  - bezier edge accel (in merge)                         3     0.016     0.0%     0.016     0.0%     0.000     0.000
logical PN:     - evaluate normals                      17     0.012     0.0%     0.012     0.0%     0.000     0.000
raster:   - fragment gather                              5     0.011     0.0%     0.011     0.0%     0.000     0.000
raster:   - precompute tri bounds                        3     0.011     0.0%     0.011     0.0%     0.000     0.000
BezierCircuitCubic.get_render_primitives                 3     0.008     0.0%     0.006     0.0%     0.000     0.000
beziers:   - _build_frame_bounds                         3     0.005     0.0%     0.005     0.0%     0.000     0.000
background prefill                                       5     0.005     0.0%     0.005     0.0%     0.000     0.000
post:   - bloom downsample                               5     0.004     0.0%     0.004     0.0%     0.000     0.000
raster:     - sheets sibling weights                     5     0.003     0.0%     0.003     0.0%     0.000     0.000
memory reclaim (gc + cuda cache)                        14     0.002     0.0%     0.002     0.0%     0.000     0.000
free-VRAM probe (empty_cache)                            1     0.000     0.0%     0.000     0.0%     0.000     0.000
(unaccounted: video encode, scene mgmt, ...)                 -53.333   -86.7%

GPU telemetry over render (736 samples @ ~10 Hz, min/avg/max):
  utilization  0/3/99 %   mem-util 0/1/87 %
  SM clock     300/476/1590 MHz   mem clock 405/2702/5000 MHz
  temperature  51/53/59 C   power 10/21/75 W
  ** THROTTLING observed: SwPowerCap (run-to-run timing is unreliable) **

GPU memory: peak allocated 8369 MB, peak reserved 10182 MB
  batch 0: merged tensors 677.9 MB, BVHs 31.0 MB (cuda after merge 7311 MB)
    counts: num_colored_triangles=0, num_triangles=26812, num_circuits=41, num_frames=19
    tri_bvh: 0 instances, 13353 nodes, 0 leaves, 15.5 MB
    tri_opaque_bvh: 0 instances, 13353 nodes, 0 leaves, 15.5 MB
    bez_bvh: 0 instances, 20 nodes, 0 leaves, 0.0 MB
    bez_opaque_bvh: 0 instances, 20 nodes, 0 leaves, 0.0 MB
    textures: (19, 1573792, 5) = 570.3 MB
    tri_mat: (19, 26812, 34) = 66.1 MB
    tri_pos: (19, 26812, 9) = 17.5 MB
    tri_norm: (19, 26812, 9) = 17.5 MB
    tri_obj: (19, 26812) = 1.9 MB
    tri_tex_meta: (26812, 10) = 1.0 MB
  batch 1: merged tensors 678.4 MB, BVHs 31.4 MB (cuda after merge 7311 MB)
    counts: num_colored_triangles=0, num_triangles=26922, num_circuits=41, num_frames=19
    tri_bvh: 0 instances, 13535 nodes, 0 leaves, 15.7 MB
    tri_opaque_bvh: 0 instances, 13535 nodes, 0 leaves, 15.7 MB
    bez_bvh: 0 instances, 20 nodes, 0 leaves, 0.0 MB
    bez_opaque_bvh: 0 instances, 20 nodes, 0 leaves, 0.0 MB
    textures: (19, 1573918, 5) = 570.4 MB
    tri_mat: (19, 26922, 34) = 66.3 MB
    tri_pos: (19, 26922, 9) = 17.6 MB
    tri_norm: (19, 26922, 9) = 17.6 MB
    tri_obj: (19, 26922) = 2.0 MB
    tri_tex_meta: (26922, 10) = 1.0 MB
  batch 2: merged tensors 429.2 MB, BVHs 19.8 MB (cuda after merge 6819 MB)
    counts: num_colored_triangles=0, num_triangles=26946, num_circuits=41, num_frames=12
    tri_bvh: 0 instances, 13528 nodes, 0 leaves, 9.9 MB
    tri_opaque_bvh: 0 instances, 13528 nodes, 0 leaves, 9.9 MB
    bez_bvh: 0 instances, 20 nodes, 0 leaves, 0.0 MB
    bez_opaque_bvh: 0 instances, 20 nodes, 0 leaves, 0.0 MB
    textures: (12, 1573726, 5) = 360.2 MB
    tri_mat: (12, 26946, 34) = 41.9 MB
    tri_pos: (12, 26946, 9) = 11.1 MB
    tri_norm: (12, 26946, 9) = 11.1 MB
    tri_obj: (12, 26946) = 1.2 MB
    tri_tex_meta: (26946, 10) = 1.0 MB
  cProfile dump: disabled (set ALGAN_PROFILE_CPROFILE=1)

------------------------------------------------------------------------------
RUN 2 (warm (steady state)): end-to-end 6.09s
------------------------------------------------------------------------------
incl is wall time, excl is time spent in function excluding sub-processes of another tracked stage
stage                                                calls  incl (s) incl (%)  excl (s)  excl (%)launch    sync      
ray traced render total                                  5     3.029    49.8%     0.013     0.2%     0.000     0.000
wavefront_loop                                           5     2.887    47.4%     0.059     1.0%     0.000     0.000
Scene.get_batch_of_primitives                            3     2.435    40.0%     0.472     7.8%     0.000     0.000
arena preflight (batch)                                  3     1.467    24.1%     0.007     0.1%     0.000     0.000
raster: sparse discovery                                 5     1.270    20.9%     0.083     1.4%     0.000     0.000
AnimationTimeline.set_state_to_times                     3     1.014    16.7%     0.615    10.1%     0.000     0.000
merge collections + build BVHs                           3     0.882    14.5%     0.501     8.2%     0.000     0.000
surfaces: get_render_primitives_batched                  6     0.830    13.6%     0.705    11.6%     0.000     0.000
AttributeTimeline.get                                22702     0.763    12.5%     0.763    12.5%     0.000     0.000
raster:   - compact_sheets                               5     0.724    11.9%     0.341     5.6%     0.000     0.000
kernel: wavefront_shade                                 40     0.592     9.7%     0.592     9.7%     0.028     0.563
raster: sparse resolve                                   5     0.580     9.5%     0.016     0.3%     0.000     0.000
  - project_to_screen (prewarm)                          3     0.578     9.5%     0.150     2.5%     0.000     0.000
kernel: raster_shadow_trace                              5     0.527     8.7%     0.527     8.7%     0.004     0.523
logical PN: dice + shade + pack (project_to_screen)      9     0.377     6.2%     0.055     0.9%     0.000     0.000
  - refit-BVH build (in merge)                           6     0.366     6.0%     0.366     6.0%     0.000     0.000
logical PN:   - _dice_logical_pn                         9     0.322     5.3%     0.167     2.7%     0.000     0.000
kernel: wavefront_traverse_events                       40     0.240     3.9%     0.240     3.9%     0.019     0.220
AttributeTimeline.modify                              4578     0.178     2.9%     0.178     2.9%     0.000     0.000
AttributeTimeline.rematerialize_state_at_times          78     0.177     2.9%     0.177     2.9%     0.000     0.000
raster:     - sheets lexsort                            15     0.175     2.9%     0.175     2.9%     0.000     0.000
AttributeTimeline.add                                 2770     0.151     2.5%     0.151     2.5%     0.000     0.000
raster:   - window pairs                                10     0.140     2.3%     0.140     2.3%     0.000     0.000
post-process (downsample/FXAA/glow)                      5     0.120     2.0%     0.025     0.4%     0.000     0.000
raster:     - sheets shade class                         5     0.107     1.8%     0.107     1.8%     0.000     0.000
kernel: raster_tri_count                                10     0.100     1.6%     0.100     1.6%     0.004     0.096
kernel: raster_tri_write                                10     0.085     1.4%     0.085     1.4%     0.005     0.080
post:   - bloom fft conv                                20     0.078     1.3%     0.078     1.3%     0.000     0.000
raster:   - fragment sort                                5     0.077     1.3%     0.077     1.3%     0.000     0.000
logical PN:     - interpolate attrs                    343     0.075     1.2%     0.075     1.2%     0.000     0.000
raster:     - sheets prim split                          5     0.072     1.2%     0.072     1.2%     0.000     0.000
Surface.get_render_primitives                            3     0.058     1.0%     0.057     0.9%     0.000     0.000
wavefront:   - raster tables (batch)                     3     0.053     0.9%     0.001     0.0%     0.000     0.000
beziers: sample + pack (project_to_screen)               3     0.051     0.8%     0.001     0.0%     0.000     0.000
kernel: gloss_pyramid_level                            450     0.046     0.7%     0.046     0.7%     0.033     0.009
beziers:   - _build_circuit_geometry                     3     0.041     0.7%     0.041     0.7%     0.000     0.000
logical PN:     - subdivision levels                     9     0.038     0.6%     0.009     0.1%     0.000     0.000
kernel: sheet_resolve_shade                             10     0.037     0.6%     0.037     0.6%     0.010     0.027
scene upload to arena                                    3     0.035     0.6%     0.035     0.6%     0.000     0.000
wavefront:   - compact active                           45     0.025     0.4%     0.008     0.1%     0.000     0.000
kernel: one_mesh_pixel_reduce                            5     0.022     0.4%     0.022     0.4%     0.001     0.021
raster:   - precompute tri projection                    3     0.021     0.3%     0.021     0.3%     0.000     0.000
logical PN:     - evaluate patch                        17     0.018     0.3%     0.018     0.3%     0.000     0.000
kernel: compact_ray_slots                               45     0.017     0.3%     0.017     0.3%     0.007     0.010
raster:   - precompute bez bounds                        3     0.017     0.3%     0.017     0.3%     0.000     0.000
logical PN:       - patch level search                   9     0.015     0.3%     0.010     0.2%     0.000     0.000
  - bezier edge accel (in merge)                         3     0.014     0.2%     0.014     0.2%     0.000     0.000
video encode tail (ffmpeg drain)                         1     0.014     0.2%     0.014     0.2%     0.000     0.000
logical PN:     - snap boundary                         34     0.014     0.2%     0.014     0.2%     0.000     0.000
raster:   - precompute tri bounds                        3     0.013     0.2%     0.013     0.2%     0.000     0.000
logical PN:     - evaluate normals                      17     0.012     0.2%     0.012     0.2%     0.000     0.000
raster:     - sheets band composite                      5     0.011     0.2%     0.005     0.1%     0.000     0.000
logical PN:       - edge level search                    9     0.011     0.2%     0.005     0.1%     0.000     0.000
raster:   - fragment gather                              5     0.011     0.2%     0.011     0.2%     0.000     0.000
raster:     - sheets band reduce                        10     0.010     0.2%     0.004     0.1%     0.000     0.000
post:   - device->host copy                              5     0.010     0.2%     0.010     0.2%     0.000     0.000
kernel: one_mesh_pixel_apply                             5     0.010     0.2%     0.010     0.2%     0.001     0.009
kernel: raster_bez_count                                 5     0.010     0.2%     0.010     0.2%     0.002     0.002
memory reclaim (gc + cuda cache)                        14     0.009     0.2%     0.009     0.2%     0.000     0.000
background prefill                                       5     0.009     0.1%     0.009     0.1%     0.000     0.000
kernel: gloss_scatter                                   50     0.009     0.1%     0.009     0.1%     0.007     0.001
kernel: gloss_composite                                 50     0.009     0.1%     0.009     0.1%     0.006     0.002
logical PN:         - patch flatness error              18     0.008     0.1%     0.003     0.1%     0.000     0.000
kernel: wf_composite_accum_sparse                       50     0.007     0.1%     0.007     0.1%     0.006     0.001
kernel: sheet_band_reduce                               10     0.007     0.1%     0.007     0.1%     0.002     0.004
BezierCircuitCubic.get_render_primitives                 3     0.007     0.1%     0.005     0.1%     0.000     0.000
beziers:   - _compute_samples_per_segment                3     0.006     0.1%     0.004     0.1%     0.000     0.000
raster:     - sheets conflict rank                       5     0.006     0.1%     0.001     0.0%     0.000     0.000
logical PN:         - edge chord error                  12     0.006     0.1%     0.002     0.0%     0.000     0.000
kernel: sheet_conflict_rank                              5     0.005     0.1%     0.005     0.1%     0.001     0.004
kernel: pn_patch_flatness_error                         18     0.005     0.1%     0.005     0.1%     0.003     0.001
kernel: raster_bez_write                                 5     0.005     0.1%     0.005     0.1%     0.002     0.002
kernel: pn_edge_chord_error                             12     0.004     0.1%     0.004     0.1%     0.003     0.001
post:   - bloom downsample                               5     0.004     0.1%     0.004     0.1%     0.000     0.000
beziers:   - _build_frame_bounds                         3     0.004     0.1%     0.004     0.1%     0.000     0.000
kernel: sheet_lane_first_owner                           5     0.003     0.1%     0.003     0.1%     0.001     0.002
post:   - tonemap/finalize                               5     0.003     0.0%     0.003     0.0%     0.000     0.000
raster:     - sheets sibling weights                     5     0.002     0.0%     0.002     0.0%     0.000     0.000
kernel: bezier_chord_hull_error                         12     0.002     0.0%     0.002     0.0%     0.002     0.000
kernel: opaque_prefix_keep                               5     0.002     0.0%     0.002     0.0%     0.001     0.001
kernel: mask_popcount                                    5     0.001     0.0%     0.001     0.0%     0.001     0.000
free-VRAM probe (empty_cache)                            1     0.000     0.0%     0.000     0.0%     0.000     0.000
(unaccounted: video encode, scene mgmt, ...)                  -1.592   -26.1%

GPU telemetry over render (76 samples @ ~10 Hz, min/avg/max):
  utilization  0/29/99 %   mem-util 0/15/99 %
  SM clock     300/851/1590 MHz   mem clock 405/2702/5000 MHz
  temperature  50/54/61 C   power 10/31/72 W
  ** THROTTLING observed: SwPowerCap (run-to-run timing is unreliable) **

GPU memory: peak allocated 8103 MB, peak reserved 9448 MB
  batch 0: merged tensors 677.9 MB, BVHs 31.0 MB (cuda after merge 7046 MB)
    counts: num_colored_triangles=0, num_triangles=26812, num_circuits=41, num_frames=19
    tri_bvh: 0 instances, 13353 nodes, 0 leaves, 15.5 MB
    tri_opaque_bvh: 0 instances, 13353 nodes, 0 leaves, 15.5 MB
    bez_bvh: 0 instances, 20 nodes, 0 leaves, 0.0 MB
    bez_opaque_bvh: 0 instances, 20 nodes, 0 leaves, 0.0 MB
    textures: (19, 1573792, 5) = 570.3 MB
    tri_mat: (19, 26812, 34) = 66.1 MB
    tri_pos: (19, 26812, 9) = 17.5 MB
    tri_norm: (19, 26812, 9) = 17.5 MB
    tri_obj: (19, 26812) = 1.9 MB
    tri_tex_meta: (26812, 10) = 1.0 MB
  batch 1: merged tensors 678.4 MB, BVHs 31.4 MB (cuda after merge 7047 MB)
    counts: num_colored_triangles=0, num_triangles=26922, num_circuits=41, num_frames=19
    tri_bvh: 0 instances, 13535 nodes, 0 leaves, 15.7 MB
    tri_opaque_bvh: 0 instances, 13535 nodes, 0 leaves, 15.7 MB
    bez_bvh: 0 instances, 20 nodes, 0 leaves, 0.0 MB
    bez_opaque_bvh: 0 instances, 20 nodes, 0 leaves, 0.0 MB
    textures: (19, 1573918, 5) = 570.4 MB
    tri_mat: (19, 26922, 34) = 66.3 MB
    tri_pos: (19, 26922, 9) = 17.6 MB
    tri_norm: (19, 26922, 9) = 17.6 MB
    tri_obj: (19, 26922) = 2.0 MB
    tri_tex_meta: (26922, 10) = 1.0 MB
  batch 2: merged tensors 429.2 MB, BVHs 19.8 MB (cuda after merge 6555 MB)
    counts: num_colored_triangles=0, num_triangles=26946, num_circuits=41, num_frames=12
    tri_bvh: 0 instances, 13528 nodes, 0 leaves, 9.9 MB
    tri_opaque_bvh: 0 instances, 13528 nodes, 0 leaves, 9.9 MB
    bez_bvh: 0 instances, 20 nodes, 0 leaves, 0.0 MB
    bez_opaque_bvh: 0 instances, 20 nodes, 0 leaves, 0.0 MB
    textures: (12, 1573726, 5) = 360.2 MB
    tri_mat: (12, 26946, 34) = 41.9 MB
    tri_pos: (12, 26946, 9) = 11.1 MB
    tri_norm: (12, 26946, 9) = 11.1 MB
    tri_obj: (12, 26946) = 1.2 MB
    tri_tex_meta: (26946, 10) = 1.0 MB
  cProfile dump: disabled (set ALGAN_PROFILE_CPROFILE=1)

------------------------------------------------------------------------------
Registers / occupancy not collected in-process (Taichi CUPTI toolkit unavailable here).
Run this to get them via nvprof:

  # registers per thread (no admin needed):
  ALGAN_UNDER_NVPROF=1 nvprof --print-gpu-trace --csv /usr/bin/python3 nn_ablation.py base PREVIEW
  # achieved occupancy (may need admin on Pascal):
  ALGAN_UNDER_NVPROF=1 nvprof --metrics achieved_occupancy --csv /usr/bin/python3 nn_ablation.py base PREVIEW
report written to algan_profile_report_nn_abl_base_PREVIEW.txt

[  160.7s]   -> exit 0 in 94.9s
[  160.7s] === ARM pv_noshadow: nn_ablation.py noshadow PREVIEW  env={}
[  160.7s] $ python nn_ablation.py noshadow PREVIEW
Rendering device set to cuda
[Taichi] version 1.7.4, llvm 15.0.4, commit b4b956fd, linux, python 3.12.13
[Taichi] Starting on arch=cuda
ARM=noshadow  QUALITY=PREVIEW  ALGAN_ANALYTIC_AA_SECONDARY=(default)
Encoding video with libx264
Began rendering profilingnn_abl_noshadow_PREVIEW_run1.mp4
Preparing render kernels. If this is the first render on this machine (or after an update), compiling the GPU kernels can take several minutes. Compiled kernels are cached, so subsequent renders start immediately.
Finished rendering profilingnn_abl_noshadow_PREVIEW_run1.mp4 in 35.8 s
Encoding video with libx264
Began rendering profilingnn_abl_noshadow_PREVIEW_run2.mp4
Finished rendering profilingnn_abl_noshadow_PREVIEW_run2.mp4 in 4.9 s
[profiling] hooked 38 Taichi kernels (170 ti.funcs are inlined and not separately timed)

===== profiling run 1/2 (cold) =====

===== profiling run 2/2 (warm) =====

==============================================================================
Algan ray-tracing scene profile
==============================================================================
device: Tesla T4
  driver 580.159.04  compute cap 7.5  15360 MiB  max SM 1590 MHz / mem 5001 MHz  PCIe gen3 x16
  profiling tools: nvidia-smi=yes, nvprof=yes, ncu=yes, nsys=no
  Taichi kernel profiler: off (wall-time only)
  hooked kernels (38): bezier_chord_hull_error, compact_ray_slots, env_background_prefill, fill_background_from_func, finalize_samples, gather_fragment_arrays, gloss_composite, gloss_pyramid_level, gloss_scatter, mask_popcount, one_mesh_pixel_apply, one_mesh_pixel_reduce, opaque_prefix_keep, path_trace_physical_stbvh, path_trace_scene_stbvh, pn_edge_chord_error, pn_patch_flatness_error, raster_bez_count, raster_bez_write, raster_shadow_trace, raster_tri_count, raster_tri_write, sheet_band_reduce, sheet_conflict_rank, sheet_lane_first_owner, sheet_resolve_shade, wavefront_generate_rays, wavefront_shade, wavefront_shadow, wavefront_traverse, wavefront_traverse_events, wf_composite, wf_composite_aa, wf_composite_accum, wf_composite_accum_aa, wf_composite_accum_sparse, wf_finalize_aa, wf_finalize_uncovered

------------------------------------------------------------------------------
RUN 1 (cold (includes Taichi JIT compile)): end-to-end 35.95s
------------------------------------------------------------------------------
incl is wall time, excl is time spent in function excluding sub-processes of another tracked stage
stage                                                calls  incl (s) incl (%)  excl (s)  excl (%)launch    sync      
Scene.get_batch_of_primitives                            3    31.953    88.9%     0.507     1.4%     0.000     0.000
ray traced render total                                  5    31.619    87.9%     0.025     0.1%     0.000     0.000
wavefront_loop                                           5    31.331    87.1%     0.063     0.2%     0.000     0.000
AnimationTimeline.set_state_to_times                     3    30.449    84.7%    28.755    80.0%     0.000     0.000
raster: sparse resolve                                   5    19.865    55.3%     0.006     0.0%     0.000     0.000
kernel: sheet_resolve_shade                              5    19.859    55.2%    19.859    55.2%    19.846     0.013
kernel: wavefront_shade                                 40     5.118    14.2%     5.118    14.2%     5.104     0.013
raster: sparse discovery                                 5     4.481    12.5%     0.077     0.2%     0.000     0.000
arena preflight (batch)                                  3     2.755     7.7%     0.008     0.0%     0.000     0.000
  - project_to_screen (prewarm)                          3     1.795     5.0%     0.149     0.4%     0.000     0.000
AttributeTimeline.get                                22980     1.713     4.8%     1.713     4.8%     0.000     0.000
logical PN: dice + shade + pack (project_to_screen)      9     1.363     3.8%     0.064     0.2%     0.000     0.000
logical PN:   - _dice_logical_pn                         9     1.299     3.6%     0.278     0.8%     0.000     0.000
kernel: wavefront_traverse_events                       40     1.243     3.5%     1.243     3.5%     0.973     0.269
kernel: raster_tri_count                                10     1.179     3.3%     1.179     3.3%     1.052     0.121
kernel: raster_tri_write                                10     1.019     2.8%     1.019     2.8%     0.914     0.104
merge collections + build BVHs                           3     0.952     2.6%     0.545     1.5%     0.000     0.000
raster:   - compact_sheets                               5     0.915     2.5%     0.366     1.0%     0.000     0.000
surfaces: get_render_primitives_batched                  6     0.854     2.4%     0.740     2.1%     0.000     0.000
logical PN:     - subdivision levels                     9     0.777     2.2%     0.067     0.2%     0.000     0.000
kernel: raster_bez_count                                 5     0.550     1.5%     0.550     1.5%     0.547     0.002
AttributeTimeline.modify                              4578     0.516     1.4%     0.516     1.4%     0.000     0.000
logical PN:       - edge level search                    9     0.485     1.3%     0.106     0.3%     0.000     0.000
  - refit-BVH build (in merge)                           6     0.391     1.1%     0.391     1.1%     0.000     0.000
logical PN:         - edge chord error                  12     0.379     1.1%     0.002     0.0%     0.000     0.000
kernel: pn_edge_chord_error                             12     0.377     1.0%     0.377     1.0%     0.376     0.001
kernel: raster_bez_write                                 5     0.349     1.0%     0.349     1.0%     0.346     0.003
beziers: sample + pack (project_to_screen)               3     0.284     0.8%     0.001     0.0%     0.000     0.000
post-process (downsample/FXAA/glow)                      5     0.256     0.7%     0.028     0.1%     0.000     0.000
kernel: gloss_composite                                 50     0.226     0.6%     0.226     0.6%     0.223     0.003
logical PN:       - patch level search                   9     0.223     0.6%     0.026     0.1%     0.000     0.000
logical PN:         - patch flatness error              18     0.200     0.6%     0.003     0.0%     0.000     0.000
kernel: pn_patch_flatness_error                         18     0.197     0.5%     0.197     0.5%     0.195     0.001
AttributeTimeline.rematerialize_state_at_times          78     0.194     0.5%     0.194     0.5%     0.000     0.000
raster:     - sheets lexsort                            15     0.156     0.4%     0.156     0.4%     0.000     0.000
beziers:   - _compute_samples_per_segment                3     0.152     0.4%     0.005     0.0%     0.000     0.000
AttributeTimeline.add                                 2770     0.148     0.4%     0.148     0.4%     0.000     0.000
raster:   - window pairs                                10     0.148     0.4%     0.148     0.4%     0.000     0.000
kernel: bezier_chord_hull_error                         12     0.147     0.4%     0.147     0.4%     0.147     0.000
logical PN:     - interpolate attrs                    343     0.136     0.4%     0.136     0.4%     0.000     0.000
post:   - bloom fft conv                                20     0.132     0.4%     0.132     0.4%     0.000     0.000
beziers:   - _build_circuit_geometry                     3     0.127     0.4%     0.127     0.4%     0.000     0.000
raster:     - sheets shade class                         5     0.119     0.3%     0.119     0.3%     0.000     0.000
kernel: gloss_pyramid_level                            450     0.103     0.3%     0.103     0.3%     0.091     0.009
post:   - tonemap/finalize                               5     0.082     0.2%     0.082     0.2%     0.000     0.000
raster:   - fragment sort                                5     0.081     0.2%     0.081     0.2%     0.000     0.000
kernel: gloss_scatter                                   50     0.077     0.2%     0.077     0.2%     0.076     0.001
raster:     - sheets prim split                          5     0.076     0.2%     0.076     0.2%     0.000     0.000
kernel: one_mesh_pixel_reduce                            5     0.071     0.2%     0.071     0.2%     0.049     0.021
raster:     - sheets band composite                      5     0.066     0.2%     0.007     0.0%     0.000     0.000
Surface.get_render_primitives                            3     0.066     0.2%     0.065     0.2%     0.000     0.000
raster:     - sheets conflict rank                       5     0.064     0.2%     0.001     0.0%     0.000     0.000
kernel: sheet_conflict_rank                              5     0.063     0.2%     0.063     0.2%     0.058     0.005
raster:     - sheets band reduce                        10     0.063     0.2%     0.008     0.0%     0.000     0.000
logical PN:     - snap boundary                         34     0.059     0.2%     0.059     0.2%     0.000     0.000
kernel: wf_composite_accum_sparse                       50     0.057     0.2%     0.057     0.2%     0.055     0.001
kernel: sheet_band_reduce                               10     0.055     0.2%     0.055     0.2%     0.050     0.005
wavefront:   - compact active                           45     0.051     0.1%     0.008     0.0%     0.000     0.000
wavefront:   - raster tables (batch)                     3     0.045     0.1%     0.001     0.0%     0.000     0.000
kernel: compact_ray_slots                               45     0.043     0.1%     0.043     0.1%     0.032     0.011
scene upload to arena                                    3     0.043     0.1%     0.043     0.1%     0.000     0.000
kernel: one_mesh_pixel_apply                             5     0.043     0.1%     0.043     0.1%     0.038     0.004
kernel: opaque_prefix_keep                               5     0.040     0.1%     0.040     0.1%     0.039     0.001
logical PN:     - evaluate patch                        17     0.037     0.1%     0.037     0.1%     0.000     0.000
kernel: sheet_lane_first_owner                           5     0.036     0.1%     0.036     0.1%     0.034     0.002
video encode tail (ffmpeg drain)                         1     0.031     0.1%     0.031     0.1%     0.000     0.000
kernel: mask_popcount                                    5     0.024     0.1%     0.024     0.1%     0.024     0.000
raster:   - precompute tri projection                    3     0.018     0.1%     0.018     0.1%     0.000     0.000
  - bezier edge accel (in merge)                         3     0.016     0.0%     0.016     0.0%     0.000     0.000
raster:   - precompute bez bounds                        3     0.014     0.0%     0.014     0.0%     0.000     0.000
raster:   - precompute tri bounds                        3     0.013     0.0%     0.013     0.0%     0.000     0.000
logical PN:     - evaluate normals                      17     0.012     0.0%     0.012     0.0%     0.000     0.000
raster:   - fragment gather                              5     0.011     0.0%     0.011     0.0%     0.000     0.000
post:   - device->host copy                              5     0.010     0.0%     0.010     0.0%     0.000     0.000
BezierCircuitCubic.get_render_primitives                 3     0.008     0.0%     0.006     0.0%     0.000     0.000
background prefill                                       5     0.007     0.0%     0.007     0.0%     0.000     0.000
beziers:   - _build_frame_bounds                         3     0.004     0.0%     0.004     0.0%     0.000     0.000
post:   - bloom downsample                               5     0.004     0.0%     0.004     0.0%     0.000     0.000
raster:     - sheets sibling weights                     5     0.003     0.0%     0.003     0.0%     0.000     0.000
memory reclaim (gc + cuda cache)                        14     0.002     0.0%     0.002     0.0%     0.000     0.000
free-VRAM probe (empty_cache)                            1     0.000     0.0%     0.000     0.0%     0.000     0.000
(unaccounted: video encode, scene mgmt, ...)                 -31.141   -86.6%

GPU telemetry over render (426 samples @ ~10 Hz, min/avg/max):
  utilization  0/3/98 %   mem-util 0/2/100 %
  SM clock     300/489/1590 MHz   mem clock 405/2702/5000 MHz
  temperature  49/54/65 C   power 10/22/80 W
  ** THROTTLING observed: SwPowerCap (run-to-run timing is unreliable) **

GPU memory: peak allocated 8369 MB, peak reserved 10182 MB
  batch 0: merged tensors 677.9 MB, BVHs 31.0 MB (cuda after merge 7311 MB)
    counts: num_colored_triangles=0, num_triangles=26812, num_circuits=41, num_frames=19
    tri_bvh: 0 instances, 13353 nodes, 0 leaves, 15.5 MB
    tri_opaque_bvh: 0 instances, 13353 nodes, 0 leaves, 15.5 MB
    bez_bvh: 0 instances, 20 nodes, 0 leaves, 0.0 MB
    bez_opaque_bvh: 0 instances, 20 nodes, 0 leaves, 0.0 MB
    textures: (19, 1573792, 5) = 570.3 MB
    tri_mat: (19, 26812, 34) = 66.1 MB
    tri_pos: (19, 26812, 9) = 17.5 MB
    tri_norm: (19, 26812, 9) = 17.5 MB
    tri_obj: (19, 26812) = 1.9 MB
    tri_tex_meta: (26812, 10) = 1.0 MB
  batch 1: merged tensors 678.4 MB, BVHs 31.4 MB (cuda after merge 7311 MB)
    counts: num_colored_triangles=0, num_triangles=26922, num_circuits=41, num_frames=19
    tri_bvh: 0 instances, 13535 nodes, 0 leaves, 15.7 MB
    tri_opaque_bvh: 0 instances, 13535 nodes, 0 leaves, 15.7 MB
    bez_bvh: 0 instances, 20 nodes, 0 leaves, 0.0 MB
    bez_opaque_bvh: 0 instances, 20 nodes, 0 leaves, 0.0 MB
    textures: (19, 1573918, 5) = 570.4 MB
    tri_mat: (19, 26922, 34) = 66.3 MB
    tri_pos: (19, 26922, 9) = 17.6 MB
    tri_norm: (19, 26922, 9) = 17.6 MB
    tri_obj: (19, 26922) = 2.0 MB
    tri_tex_meta: (26922, 10) = 1.0 MB
  batch 2: merged tensors 429.2 MB, BVHs 19.8 MB (cuda after merge 6819 MB)
    counts: num_colored_triangles=0, num_triangles=26946, num_circuits=41, num_frames=12
    tri_bvh: 0 instances, 13528 nodes, 0 leaves, 9.9 MB
    tri_opaque_bvh: 0 instances, 13528 nodes, 0 leaves, 9.9 MB
    bez_bvh: 0 instances, 20 nodes, 0 leaves, 0.0 MB
    bez_opaque_bvh: 0 instances, 20 nodes, 0 leaves, 0.0 MB
    textures: (12, 1573726, 5) = 360.2 MB
    tri_mat: (12, 26946, 34) = 41.9 MB
    tri_pos: (12, 26946, 9) = 11.1 MB
    tri_norm: (12, 26946, 9) = 11.1 MB
    tri_obj: (12, 26946) = 1.2 MB
    tri_tex_meta: (26946, 10) = 1.0 MB
  cProfile dump: disabled (set ALGAN_PROFILE_CPROFILE=1)

------------------------------------------------------------------------------
RUN 2 (warm (steady state)): end-to-end 5.07s
------------------------------------------------------------------------------
incl is wall time, excl is time spent in function excluding sub-processes of another tracked stage
stage                                                calls  incl (s) incl (%)  excl (s)  excl (%)launch    sync      
Scene.get_batch_of_primitives                            3     2.506    49.4%     0.502     9.9%     0.000     0.000
ray traced render total                                  5     2.038    40.2%     0.024     0.5%     0.000     0.000
wavefront_loop                                           5     1.878    37.0%     0.071     1.4%     0.000     0.000
arena preflight (batch)                                  3     1.507    29.7%     0.008     0.2%     0.000     0.000
raster: sparse discovery                                 5     1.331    26.2%     0.110     2.2%     0.000     0.000
AnimationTimeline.set_state_to_times                     3     0.975    19.2%     0.596    11.8%     0.000     0.000
surfaces: get_render_primitives_batched                  6     0.913    18.0%     0.773    15.2%     0.000     0.000
merge collections + build BVHs                           3     0.901    17.8%     0.510    10.1%     0.000     0.000
AttributeTimeline.get                                22702     0.789    15.6%     0.789    15.6%     0.000     0.000
raster:   - compact_sheets                               5     0.737    14.5%     0.363     7.2%     0.000     0.000
  - project_to_screen (prewarm)                          3     0.598    11.8%     0.143     2.8%     0.000     0.000
  - refit-BVH build (in merge)                           6     0.376     7.4%     0.376     7.4%     0.000     0.000
logical PN: dice + shade + pack (project_to_screen)      9     0.369     7.3%     0.051     1.0%     0.000     0.000
logical PN:   - _dice_logical_pn                         9     0.318     6.3%     0.166     3.3%     0.000     0.000
kernel: wavefront_traverse_events                       40     0.258     5.1%     0.258     5.1%     0.021     0.236
AttributeTimeline.modify                              4578     0.179     3.5%     0.179     3.5%     0.000     0.000
AttributeTimeline.rematerialize_state_at_times          78     0.167     3.3%     0.167     3.3%     0.000     0.000
raster:   - window pairs                                10     0.163     3.2%     0.163     3.2%     0.000     0.000
raster:     - sheets lexsort                            15     0.162     3.2%     0.162     3.2%     0.000     0.000
AttributeTimeline.add                                 2770     0.154     3.0%     0.154     3.0%     0.000     0.000
post-process (downsample/FXAA/glow)                      5     0.126     2.5%     0.028     0.5%     0.000     0.000
raster:     - sheets shade class                         5     0.109     2.1%     0.109     2.1%     0.000     0.000
kernel: raster_tri_count                                10     0.102     2.0%     0.102     2.0%     0.004     0.097
kernel: raster_tri_write                                10     0.087     1.7%     0.087     1.7%     0.005     0.082
beziers: sample + pack (project_to_screen)               3     0.086     1.7%     0.001     0.0%     0.000     0.000
post:   - bloom fft conv                                20     0.081     1.6%     0.081     1.6%     0.000     0.000
raster:   - fragment sort                                5     0.077     1.5%     0.077     1.5%     0.000     0.000
raster:     - sheets prim split                          5     0.075     1.5%     0.075     1.5%     0.000     0.000
beziers:   - _build_circuit_geometry                     3     0.074     1.5%     0.074     1.5%     0.000     0.000
logical PN:     - interpolate attrs                    343     0.073     1.4%     0.073     1.4%     0.000     0.000
kernel: gloss_pyramid_level                            450     0.054     1.1%     0.054     1.1%     0.035     0.015
Surface.get_render_primitives                            3     0.045     0.9%     0.045     0.9%     0.000     0.000
scene upload to arena                                    3     0.044     0.9%     0.044     0.9%     0.000     0.000
wavefront:   - raster tables (batch)                     3     0.044     0.9%     0.001     0.0%     0.000     0.000
kernel: wavefront_shade                                 40     0.041     0.8%     0.041     0.8%     0.029     0.012
logical PN:     - subdivision levels                     9     0.037     0.7%     0.009     0.2%     0.000     0.000
wavefront:   - compact active                           45     0.028     0.6%     0.011     0.2%     0.000     0.000
raster: sparse resolve                                   5     0.023     0.5%     0.006     0.1%     0.000     0.000
kernel: one_mesh_pixel_reduce                            5     0.023     0.4%     0.023     0.4%     0.001     0.021
raster:   - precompute tri projection                    3     0.022     0.4%     0.022     0.4%     0.000     0.000
video encode tail (ffmpeg drain)                         1     0.021     0.4%     0.021     0.4%     0.000     0.000
kernel: compact_ray_slots                               45     0.018     0.4%     0.018     0.4%     0.007     0.010
logical PN:     - evaluate patch                        17     0.018     0.3%     0.018     0.3%     0.000     0.000
kernel: sheet_resolve_shade                              5     0.017     0.3%     0.017     0.3%     0.005     0.012
logical PN:       - patch level search                   9     0.016     0.3%     0.010     0.2%     0.000     0.000
  - bezier edge accel (in merge)                         3     0.015     0.3%     0.015     0.3%     0.000     0.000
raster:   - precompute bez bounds                        3     0.013     0.3%     0.013     0.3%     0.000     0.000
logical PN:     - snap boundary                         34     0.013     0.3%     0.013     0.3%     0.000     0.000
logical PN:     - evaluate normals                      17     0.011     0.2%     0.011     0.2%     0.000     0.000
raster:     - sheets band composite                      5     0.011     0.2%     0.004     0.1%     0.000     0.000
raster:   - fragment gather                              5     0.011     0.2%     0.011     0.2%     0.000     0.000
raster:     - sheets band reduce                        10     0.011     0.2%     0.004     0.1%     0.000     0.000
post:   - device->host copy                              5     0.011     0.2%     0.011     0.2%     0.000     0.000
logical PN:       - edge level search                    9     0.010     0.2%     0.005     0.1%     0.000     0.000
kernel: gloss_scatter                                   50     0.010     0.2%     0.010     0.2%     0.008     0.002
kernel: one_mesh_pixel_apply                             5     0.010     0.2%     0.010     0.2%     0.001     0.009
background prefill                                       5     0.010     0.2%     0.010     0.2%     0.000     0.000
kernel: gloss_composite                                 50     0.009     0.2%     0.009     0.2%     0.006     0.003
raster:   - precompute tri bounds                        3     0.008     0.2%     0.008     0.2%     0.000     0.000
logical PN:         - patch flatness error              18     0.008     0.2%     0.003     0.1%     0.000     0.000
kernel: wf_composite_accum_sparse                       50     0.008     0.2%     0.008     0.2%     0.006     0.002
kernel: sheet_band_reduce                               10     0.007     0.1%     0.007     0.1%     0.002     0.004
beziers:   - _compute_samples_per_segment                3     0.007     0.1%     0.004     0.1%     0.000     0.000
raster:     - sheets conflict rank                       5     0.007     0.1%     0.001     0.0%     0.000     0.000
BezierCircuitCubic.get_render_primitives                 3     0.006     0.1%     0.005     0.1%     0.000     0.000
kernel: sheet_conflict_rank                              5     0.006     0.1%     0.006     0.1%     0.001     0.005
logical PN:         - edge chord error                  12     0.005     0.1%     0.001     0.0%     0.000     0.000
kernel: pn_patch_flatness_error                         18     0.005     0.1%     0.005     0.1%     0.003     0.001
kernel: raster_bez_write                                 5     0.005     0.1%     0.005     0.1%     0.002     0.002
kernel: raster_bez_count                                 5     0.005     0.1%     0.005     0.1%     0.002     0.002
post:   - bloom downsample                               5     0.004     0.1%     0.004     0.1%     0.000     0.000
kernel: pn_edge_chord_error                             12     0.004     0.1%     0.004     0.1%     0.003     0.001
beziers:   - _build_frame_bounds                         3     0.004     0.1%     0.004     0.1%     0.000     0.000
memory reclaim (gc + cuda cache)                        14     0.003     0.1%     0.003     0.1%     0.000     0.000
kernel: sheet_lane_first_owner                           5     0.003     0.1%     0.003     0.1%     0.001     0.002
post:   - tonemap/finalize                               5     0.003     0.1%     0.003     0.1%     0.000     0.000
raster:     - sheets sibling weights                     5     0.003     0.1%     0.003     0.1%     0.000     0.000
kernel: bezier_chord_hull_error                         12     0.002     0.0%     0.002     0.0%     0.002     0.000
kernel: opaque_prefix_keep                               5     0.002     0.0%     0.002     0.0%     0.001     0.001
kernel: mask_popcount                                    5     0.001     0.0%     0.001     0.0%     0.001     0.000
free-VRAM probe (empty_cache)                            1     0.000     0.0%     0.000     0.0%     0.000     0.000
(unaccounted: video encode, scene mgmt, ...)                  -1.750   -34.5%

GPU telemetry over render (64 samples @ ~10 Hz, min/avg/max):
  utilization  0/23/97 %   mem-util 0/14/91 %
  SM clock     300/846/1590 MHz   mem clock 405/2702/5000 MHz
  temperature  49/57/67 C   power 10/30/77 W
  ** THROTTLING observed: SwPowerCap (run-to-run timing is unreliable) **

GPU memory: peak allocated 8114 MB, peak reserved 9460 MB
  batch 0: merged tensors 677.9 MB, BVHs 31.0 MB (cuda after merge 7056 MB)
    counts: num_colored_triangles=0, num_triangles=26812, num_circuits=41, num_frames=19
    tri_bvh: 0 instances, 13353 nodes, 0 leaves, 15.5 MB
    tri_opaque_bvh: 0 instances, 13353 nodes, 0 leaves, 15.5 MB
    bez_bvh: 0 instances, 20 nodes, 0 leaves, 0.0 MB
    bez_opaque_bvh: 0 instances, 20 nodes, 0 leaves, 0.0 MB
    textures: (19, 1573792, 5) = 570.3 MB
    tri_mat: (19, 26812, 34) = 66.1 MB
    tri_pos: (19, 26812, 9) = 17.5 MB
    tri_norm: (19, 26812, 9) = 17.5 MB
    tri_obj: (19, 26812) = 1.9 MB
    tri_tex_meta: (26812, 10) = 1.0 MB
  batch 1: merged tensors 678.4 MB, BVHs 31.4 MB (cuda after merge 7057 MB)
    counts: num_colored_triangles=0, num_triangles=26922, num_circuits=41, num_frames=19
    tri_bvh: 0 instances, 13535 nodes, 0 leaves, 15.7 MB
    tri_opaque_bvh: 0 instances, 13535 nodes, 0 leaves, 15.7 MB
    bez_bvh: 0 instances, 20 nodes, 0 leaves, 0.0 MB
    bez_opaque_bvh: 0 instances, 20 nodes, 0 leaves, 0.0 MB
    textures: (19, 1573918, 5) = 570.4 MB
    tri_mat: (19, 26922, 34) = 66.3 MB
    tri_pos: (19, 26922, 9) = 17.6 MB
    tri_norm: (19, 26922, 9) = 17.6 MB
    tri_obj: (19, 26922) = 2.0 MB
    tri_tex_meta: (26922, 10) = 1.0 MB
  batch 2: merged tensors 429.2 MB, BVHs 19.8 MB (cuda after merge 6566 MB)
    counts: num_colored_triangles=0, num_triangles=26946, num_circuits=41, num_frames=12
    tri_bvh: 0 instances, 13528 nodes, 0 leaves, 9.9 MB
    tri_opaque_bvh: 0 instances, 13528 nodes, 0 leaves, 9.9 MB
    bez_bvh: 0 instances, 20 nodes, 0 leaves, 0.0 MB
    bez_opaque_bvh: 0 instances, 20 nodes, 0 leaves, 0.0 MB
    textures: (12, 1573726, 5) = 360.2 MB
    tri_mat: (12, 26946, 34) = 41.9 MB
    tri_pos: (12, 26946, 9) = 11.1 MB
    tri_norm: (12, 26946, 9) = 11.1 MB
    tri_obj: (12, 26946) = 1.2 MB
    tri_tex_meta: (26946, 10) = 1.0 MB
  cProfile dump: disabled (set ALGAN_PROFILE_CPROFILE=1)

------------------------------------------------------------------------------
Registers / occupancy not collected in-process (Taichi CUPTI toolkit unavailable here).
Run this to get them via nvprof:

  # registers per thread (no admin needed):
  ALGAN_UNDER_NVPROF=1 nvprof --print-gpu-trace --csv /usr/bin/python3 nn_ablation.py noshadow PREVIEW
  # achieved occupancy (may need admin on Pascal):
  ALGAN_UNDER_NVPROF=1 nvprof --metrics achieved_occupancy --csv /usr/bin/python3 nn_ablation.py noshadow PREVIEW
report written to algan_profile_report_nn_abl_noshadow_PREVIEW.txt

[  217.2s]   -> exit 0 in 56.5s
[  217.2s] === ARM pv_norefit: nn_ablation.py base PREVIEW  env={'ALGAN_BVH_REFIT': '0'}
[  217.2s] $ python nn_ablation.py base PREVIEW
Rendering device set to cuda
[Taichi] version 1.7.4, llvm 15.0.4, commit b4b956fd, linux, python 3.12.13
[Taichi] Starting on arch=cuda
ARM=base  QUALITY=PREVIEW  ALGAN_ANALYTIC_AA_SECONDARY=(default)
Encoding video with libx264
Began rendering profilingnn_abl_base_PREVIEW_run1.mp4
Preparing render kernels. If this is the first render on this machine (or after an update), compiling the GPU kernels can take several minutes. Compiled kernels are cached, so subsequent renders start immediately.
Finished rendering profilingnn_abl_base_PREVIEW_run1.mp4 in 38.3 s
Encoding video with libx264
Began rendering profilingnn_abl_base_PREVIEW_run2.mp4
Finished rendering profilingnn_abl_base_PREVIEW_run2.mp4 in 6.2 s
[profiling] hooked 38 Taichi kernels (170 ti.funcs are inlined and not separately timed)

===== profiling run 1/2 (cold) =====

===== profiling run 2/2 (warm) =====

==============================================================================
Algan ray-tracing scene profile
==============================================================================
device: Tesla T4
  driver 580.159.04  compute cap 7.5  15360 MiB  max SM 1590 MHz / mem 5001 MHz  PCIe gen3 x16
  profiling tools: nvidia-smi=yes, nvprof=yes, ncu=yes, nsys=no
  Taichi kernel profiler: off (wall-time only)
  hooked kernels (38): bezier_chord_hull_error, compact_ray_slots, env_background_prefill, fill_background_from_func, finalize_samples, gather_fragment_arrays, gloss_composite, gloss_pyramid_level, gloss_scatter, mask_popcount, one_mesh_pixel_apply, one_mesh_pixel_reduce, opaque_prefix_keep, path_trace_physical_stbvh, path_trace_scene_stbvh, pn_edge_chord_error, pn_patch_flatness_error, raster_bez_count, raster_bez_write, raster_shadow_trace, raster_tri_count, raster_tri_write, sheet_band_reduce, sheet_conflict_rank, sheet_lane_first_owner, sheet_resolve_shade, wavefront_generate_rays, wavefront_shade, wavefront_shadow, wavefront_traverse, wavefront_traverse_events, wf_composite, wf_composite_aa, wf_composite_accum, wf_composite_accum_aa, wf_composite_accum_sparse, wf_finalize_aa, wf_finalize_uncovered

------------------------------------------------------------------------------
RUN 1 (cold (includes Taichi JIT compile)): end-to-end 38.52s
------------------------------------------------------------------------------
incl is wall time, excl is time spent in function excluding sub-processes of another tracked stage
stage                                                calls  incl (s) incl (%)  excl (s)  excl (%)launch    sync      
ray traced render total                                  5    34.268    89.0%     0.018     0.0%     0.000     0.000
wavefront_loop                                           5    34.009    88.3%     0.067     0.2%     0.000     0.000
Scene.get_batch_of_primitives                            3    33.067    85.8%     0.484     1.3%     0.000     0.000
AnimationTimeline.set_state_to_times                     3    30.972    80.4%    25.748    66.8%     0.000     0.000
raster: sparse resolve                                   5    16.597    43.1%     0.020     0.1%     0.000     0.000
kernel: sheet_resolve_shade                             10    13.566    35.2%    13.566    35.2%    13.538     0.027
kernel: wavefront_shade                                 40    10.180    26.4%    10.180    26.4%     9.348     0.832
raster: sparse discovery                                 5     4.545    11.8%     0.082     0.2%     0.000     0.000
AttributeTimeline.get                                22980     3.572     9.3%     3.572     9.3%     0.000     0.000
kernel: raster_shadow_trace                              5     3.012     7.8%     3.012     7.8%     2.252     0.759
arena preflight (batch)                                  3     2.644     6.9%     0.008     0.0%     0.000     0.000
kernel: wavefront_traverse_events                       40     1.968     5.1%     1.968     5.1%     1.701     0.265
AttributeTimeline.rematerialize_state_at_times          78     1.899     4.9%     1.899     4.9%     0.000     0.000
  - project_to_screen (prewarm)                          3     1.729     4.5%     0.140     0.4%     0.000     0.000
surfaces: get_render_primitives_batched                  6     1.470     3.8%     1.315     3.4%     0.000     0.000
logical PN: dice + shade + pack (project_to_screen)      9     1.303     3.4%     0.055     0.1%     0.000     0.000
logical PN:   - _dice_logical_pn                         9     1.249     3.2%     0.279     0.7%     0.000     0.000
kernel: raster_tri_count                                10     1.195     3.1%     1.195     3.1%     1.086     0.109
kernel: raster_tri_write                                10     1.020     2.6%     1.020     2.6%     0.926     0.094
raster:   - compact_sheets                               5     0.913     2.4%     0.357     0.9%     0.000     0.000
merge collections + build BVHs                           3     0.906     2.4%     0.539     1.4%     0.000     0.000
logical PN:     - subdivision levels                     9     0.717     1.9%     0.066     0.2%     0.000     0.000
kernel: raster_bez_count                                 5     0.595     1.5%     0.595     1.5%     0.593     0.002
AttributeTimeline.modify                              4578     0.515     1.3%     0.515     1.3%     0.000     0.000
logical PN:       - edge level search                    9     0.420     1.1%     0.094     0.2%     0.000     0.000
kernel: raster_bez_write                                 5     0.363     0.9%     0.363     0.9%     0.360     0.002
  - STBVH build (in merge)                               6     0.352     0.9%     0.326     0.8%     0.000     0.000
logical PN:         - edge chord error                  12     0.326     0.8%     0.002     0.0%     0.000     0.000
kernel: pn_edge_chord_error                             12     0.324     0.8%     0.324     0.8%     0.323     0.001
beziers: sample + pack (project_to_screen)               3     0.286     0.7%     0.001     0.0%     0.000     0.000
kernel: gloss_composite                                 50     0.256     0.7%     0.256     0.7%     0.253     0.003
post-process (downsample/FXAA/glow)                      5     0.237     0.6%     0.030     0.1%     0.000     0.000
logical PN:       - patch level search                   9     0.228     0.6%     0.025     0.1%     0.000     0.000
logical PN:         - patch flatness error              18     0.206     0.5%     0.003     0.0%     0.000     0.000
kernel: pn_patch_flatness_error                         18     0.202     0.5%     0.202     0.5%     0.201     0.001
raster:     - sheets lexsort                            15     0.164     0.4%     0.164     0.4%     0.000     0.000
beziers:   - _compute_samples_per_segment                3     0.158     0.4%     0.005     0.0%     0.000     0.000
kernel: bezier_chord_hull_error                         12     0.153     0.4%     0.153     0.4%     0.152     0.000
AttributeTimeline.add                                 2770     0.148     0.4%     0.148     0.4%     0.000     0.000
logical PN:     - interpolate attrs                    343     0.139     0.4%     0.139     0.4%     0.000     0.000
raster:   - window pairs                                10     0.132     0.3%     0.132     0.3%     0.000     0.000
beziers:   - _build_circuit_geometry                     3     0.123     0.3%     0.123     0.3%     0.000     0.000
kernel: gloss_pyramid_level                            450     0.120     0.3%     0.120     0.3%     0.109     0.008
raster:     - sheets shade class                         5     0.111     0.3%     0.111     0.3%     0.000     0.000
kernel: wf_composite_accum_sparse                       50     0.103     0.3%     0.103     0.3%     0.102     0.001
post:   - tonemap/finalize                               5     0.096     0.3%     0.096     0.3%     0.000     0.000
post:   - bloom fft conv                                20     0.093     0.2%     0.093     0.2%     0.000     0.000
kernel: gloss_scatter                                   50     0.082     0.2%     0.082     0.2%     0.080     0.001
raster:   - fragment sort                                5     0.081     0.2%     0.081     0.2%     0.000     0.000
raster:     - sheets conflict rank                       5     0.078     0.2%     0.001     0.0%     0.000     0.000
kernel: sheet_conflict_rank                              5     0.077     0.2%     0.077     0.2%     0.073     0.005
Surface.get_render_primitives                            3     0.076     0.2%     0.075     0.2%     0.000     0.000
raster:     - sheets prim split                          5     0.075     0.2%     0.075     0.2%     0.000     0.000
kernel: one_mesh_pixel_reduce                            5     0.070     0.2%     0.070     0.2%     0.048     0.021
logical PN:     - snap boundary                         34     0.062     0.2%     0.062     0.2%     0.000     0.000
raster:     - sheets band composite                      5     0.061     0.2%     0.006     0.0%     0.000     0.000
raster:     - sheets band reduce                        10     0.058     0.2%     0.005     0.0%     0.000     0.000
kernel: sheet_band_reduce                               10     0.054     0.1%     0.054     0.1%     0.049     0.005
wavefront:   - compact active                           45     0.049     0.1%     0.010     0.0%     0.000     0.000
wavefront:   - raster tables (batch)                     3     0.042     0.1%     0.001     0.0%     0.000     0.000
kernel: one_mesh_pixel_apply                             5     0.042     0.1%     0.042     0.1%     0.038     0.004
kernel: opaque_prefix_keep                               5     0.041     0.1%     0.041     0.1%     0.040     0.001
logical PN:     - evaluate patch                        17     0.040     0.1%     0.040     0.1%     0.000     0.000
kernel: compact_ray_slots                               45     0.039     0.1%     0.039     0.1%     0.028     0.010
kernel: sheet_lane_first_owner                           5     0.036     0.1%     0.036     0.1%     0.034     0.002
scene upload to arena                                    3     0.036     0.1%     0.036     0.1%     0.000     0.000
  - STBVH temporal segmentation                          6     0.026     0.1%     0.026     0.1%     0.000     0.000
kernel: mask_popcount                                    5     0.024     0.1%     0.024     0.1%     0.023     0.000
raster:   - precompute tri projection                    3     0.020     0.1%     0.020     0.1%     0.000     0.000
video encode tail (ffmpeg drain)                         1     0.018     0.0%     0.018     0.0%     0.000     0.000
  - bezier edge accel (in merge)                         3     0.016     0.0%     0.016     0.0%     0.000     0.000
post:   - device->host copy                              5     0.013     0.0%     0.013     0.0%     0.000     0.000
raster:   - precompute bez bounds                        3     0.013     0.0%     0.013     0.0%     0.000     0.000
logical PN:     - evaluate normals                      17     0.012     0.0%     0.012     0.0%     0.000     0.000
raster:   - fragment gather                              5     0.011     0.0%     0.011     0.0%     0.000     0.000
raster:   - precompute tri bounds                        3     0.009     0.0%     0.009     0.0%     0.000     0.000
BezierCircuitCubic.get_render_primitives                 3     0.008     0.0%     0.006     0.0%     0.000     0.000
background prefill                                       5     0.005     0.0%     0.005     0.0%     0.000     0.000
beziers:   - _build_frame_bounds                         3     0.004     0.0%     0.004     0.0%     0.000     0.000
post:   - bloom downsample                               5     0.004     0.0%     0.004     0.0%     0.000     0.000
raster:     - sheets sibling weights                     5     0.003     0.0%     0.003     0.0%     0.000     0.000
memory reclaim (gc + cuda cache)                        14     0.002     0.0%     0.002     0.0%     0.000     0.000
free-VRAM probe (empty_cache)                            1     0.000     0.0%     0.000     0.0%     0.000     0.000
(unaccounted: video encode, scene mgmt, ...)                 -32.213   -83.6%

GPU telemetry over render (458 samples @ ~10 Hz, min/avg/max):
  utilization  0/6/99 %   mem-util 0/2/100 %
  SM clock     300/522/1590 MHz   mem clock 405/2702/5000 MHz
  temperature  47/54/66 C   power 10/22/75 W
  ** THROTTLING observed: SwPowerCap (run-to-run timing is unreliable) **

GPU memory: peak allocated 8369 MB, peak reserved 10182 MB
  batch 0: merged tensors 677.9 MB, BVHs 154.8 MB (cuda after merge 7373 MB)
    counts: num_colored_triangles=0, num_triangles=26812, num_circuits=41, num_frames=19
    tri_bvh: 509200 instances, 1398101 nodes, 1048576 leaves, 77.3 MB
    tri_opaque_bvh: 509200 instances, 1398101 nodes, 1048576 leaves, 77.3 MB
    bez_bvh: 779 instances, 1365 nodes, 1024 leaves, 0.1 MB
    bez_opaque_bvh: 779 instances, 1365 nodes, 1024 leaves, 0.1 MB
    textures: (19, 1573792, 5) = 570.3 MB
    tri_mat: (19, 26812, 34) = 66.1 MB
    tri_pos: (19, 26812, 9) = 17.5 MB
    tri_norm: (19, 26812, 9) = 17.5 MB
    tri_obj: (19, 26812) = 1.9 MB
    tri_tex_meta: (26812, 10) = 1.0 MB
  batch 1: merged tensors 678.4 MB, BVHs 154.8 MB (cuda after merge 7372 MB)
    counts: num_colored_triangles=0, num_triangles=26922, num_circuits=41, num_frames=19
    tri_bvh: 510382 instances, 1398101 nodes, 1048576 leaves, 77.3 MB
    tri_opaque_bvh: 510382 instances, 1398101 nodes, 1048576 leaves, 77.3 MB
    bez_bvh: 779 instances, 1365 nodes, 1024 leaves, 0.1 MB
    bez_opaque_bvh: 779 instances, 1365 nodes, 1024 leaves, 0.1 MB
    textures: (19, 1573918, 5) = 570.4 MB
    tri_mat: (19, 26922, 34) = 66.3 MB
    tri_pos: (19, 26922, 9) = 17.6 MB
    tri_norm: (19, 26922, 9) = 17.6 MB
    tri_obj: (19, 26922) = 2.0 MB
    tri_tex_meta: (26922, 10) = 1.0 MB
  batch 2: merged tensors 429.2 MB, BVHs 154.8 MB (cuda after merge 6887 MB)
    counts: num_colored_triangles=0, num_triangles=26946, num_circuits=41, num_frames=12
    tri_bvh: 323212 instances, 1398101 nodes, 1048576 leaves, 77.3 MB
    tri_opaque_bvh: 323212 instances, 1398101 nodes, 1048576 leaves, 77.3 MB
    bez_bvh: 492 instances, 1365 nodes, 1024 leaves, 0.1 MB
    bez_opaque_bvh: 492 instances, 1365 nodes, 1024 leaves, 0.1 MB
    textures: (12, 1573726, 5) = 360.2 MB
    tri_mat: (12, 26946, 34) = 41.9 MB
    tri_pos: (12, 26946, 9) = 11.1 MB
    tri_norm: (12, 26946, 9) = 11.1 MB
    tri_obj: (12, 26946) = 1.2 MB
    tri_tex_meta: (26946, 10) = 1.0 MB
  cProfile dump: disabled (set ALGAN_PROFILE_CPROFILE=1)

------------------------------------------------------------------------------
RUN 2 (warm (steady state)): end-to-end 6.38s
------------------------------------------------------------------------------
incl is wall time, excl is time spent in function excluding sub-processes of another tracked stage
stage                                                calls  incl (s) incl (%)  excl (s)  excl (%)launch    sync      
ray traced render total                                  5     3.506    55.0%     0.019     0.3%     0.000     0.000
wavefront_loop                                           5     3.363    52.7%     0.055     0.9%     0.000     0.000
Scene.get_batch_of_primitives                            3     2.328    36.5%     0.458     7.2%     0.000     0.000
arena preflight (batch)                                  3     1.436    22.5%     0.010     0.2%     0.000     0.000
raster: sparse discovery                                 5     1.286    20.2%     0.095     1.5%     0.000     0.000
AnimationTimeline.set_state_to_times                     3     0.942    14.8%     0.576     9.0%     0.000     0.000
merge collections + build BVHs                           3     0.839    13.2%     0.502     7.9%     0.000     0.000
kernel: wavefront_shade                                 40     0.819    12.8%     0.819    12.8%     0.034     0.784
raster: sparse resolve                                   5     0.786    12.3%     0.012     0.2%     0.000     0.000
surfaces: get_render_primitives_batched                  6     0.783    12.3%     0.675    10.6%     0.000     0.000
AttributeTimeline.get                                22702     0.755    11.8%     0.755    11.8%     0.000     0.000
kernel: raster_shadow_trace                              5     0.737    11.6%     0.737    11.6%     0.005     0.732
raster:   - compact_sheets                               5     0.728    11.4%     0.345     5.4%     0.000     0.000
  - project_to_screen (prewarm)                          3     0.586     9.2%     0.147     2.3%     0.000     0.000
logical PN: dice + shade + pack (project_to_screen)      9     0.396     6.2%     0.054     0.8%     0.000     0.000
logical PN:   - _dice_logical_pn                         9     0.342     5.4%     0.166     2.6%     0.000     0.000
  - STBVH build (in merge)                               6     0.322     5.0%     0.296     4.6%     0.000     0.000
kernel: wavefront_traverse_events                       40     0.284     4.5%     0.284     4.5%     0.033     0.251
AttributeTimeline.modify                              4578     0.182     2.9%     0.182     2.9%     0.000     0.000
raster:     - sheets lexsort                            15     0.175     2.7%     0.175     2.7%     0.000     0.000
AttributeTimeline.add                                 2770     0.154     2.4%     0.154     2.4%     0.000     0.000
AttributeTimeline.rematerialize_state_at_times          78     0.151     2.4%     0.151     2.4%     0.000     0.000
raster:   - window pairs                                10     0.138     2.2%     0.138     2.2%     0.000     0.000
post-process (downsample/FXAA/glow)                      5     0.119     1.9%     0.025     0.4%     0.000     0.000
kernel: raster_tri_count                                10     0.112     1.8%     0.112     1.8%     0.004     0.095
raster:     - sheets shade class                         5     0.107     1.7%     0.107     1.7%     0.000     0.000
kernel: raster_tri_write                                10     0.086     1.3%     0.086     1.3%     0.005     0.081
raster:   - fragment sort                                5     0.078     1.2%     0.078     1.2%     0.000     0.000
post:   - bloom fft conv                                20     0.078     1.2%     0.078     1.2%     0.000     0.000
Surface.get_render_primitives                            3     0.077     1.2%     0.076     1.2%     0.000     0.000
logical PN:     - interpolate attrs                    343     0.073     1.2%     0.073     1.2%     0.000     0.000
raster:     - sheets prim split                          5     0.073     1.1%     0.073     1.1%     0.000     0.000
scene upload to arena                                    3     0.045     0.7%     0.045     0.7%     0.000     0.000
beziers: sample + pack (project_to_screen)               3     0.044     0.7%     0.008     0.1%     0.000     0.000
kernel: gloss_pyramid_level                            450     0.043     0.7%     0.043     0.7%     0.031     0.009
wavefront:   - raster tables (batch)                     3     0.041     0.6%     0.001     0.0%     0.000     0.000
logical PN:     - subdivision levels                     9     0.040     0.6%     0.009     0.1%     0.000     0.000
kernel: sheet_resolve_shade                             10     0.037     0.6%     0.037     0.6%     0.010     0.027
logical PN:     - snap boundary                         34     0.033     0.5%     0.033     0.5%     0.000     0.000
  - STBVH temporal segmentation                          6     0.026     0.4%     0.026     0.4%     0.000     0.000
wavefront:   - compact active                           45     0.026     0.4%     0.008     0.1%     0.000     0.000
beziers:   - _build_circuit_geometry                     3     0.025     0.4%     0.025     0.4%     0.000     0.000
kernel: one_mesh_pixel_reduce                            5     0.023     0.4%     0.023     0.4%     0.001     0.021
video encode tail (ffmpeg drain)                         1     0.022     0.3%     0.022     0.3%     0.000     0.000
raster:   - precompute tri projection                    3     0.018     0.3%     0.018     0.3%     0.000     0.000
logical PN:     - evaluate patch                        17     0.018     0.3%     0.018     0.3%     0.000     0.000
kernel: compact_ray_slots                               45     0.017     0.3%     0.017     0.3%     0.007     0.010
logical PN:       - patch level search                   9     0.017     0.3%     0.010     0.2%     0.000     0.000
  - bezier edge accel (in merge)                         3     0.015     0.2%     0.015     0.2%     0.000     0.000
raster:   - precompute bez bounds                        3     0.014     0.2%     0.014     0.2%     0.000     0.000
logical PN:     - evaluate normals                      17     0.012     0.2%     0.012     0.2%     0.000     0.000
logical PN:       - edge level search                    9     0.011     0.2%     0.005     0.1%     0.000     0.000
raster:     - sheets band reduce                        10     0.011     0.2%     0.004     0.1%     0.000     0.000
raster:   - fragment gather                              5     0.011     0.2%     0.011     0.2%     0.000     0.000
raster:     - sheets band composite                      5     0.010     0.2%     0.004     0.1%     0.000     0.000
post:   - device->host copy                              5     0.010     0.2%     0.010     0.2%     0.000     0.000
logical PN:         - patch flatness error              18     0.009     0.1%     0.004     0.1%     0.000     0.000
kernel: gloss_scatter                                   50     0.009     0.1%     0.009     0.1%     0.007     0.001
kernel: gloss_composite                                 50     0.008     0.1%     0.008     0.1%     0.005     0.002
raster:   - precompute tri bounds                        3     0.008     0.1%     0.008     0.1%     0.000     0.000
beziers:   - _compute_samples_per_segment                3     0.007     0.1%     0.005     0.1%     0.000     0.000
kernel: sheet_band_reduce                               10     0.007     0.1%     0.007     0.1%     0.002     0.004
kernel: wf_composite_accum_sparse                       50     0.007     0.1%     0.007     0.1%     0.005     0.001
raster:     - sheets conflict rank                       5     0.006     0.1%     0.001     0.0%     0.000     0.000
BezierCircuitCubic.get_render_primitives                 3     0.006     0.1%     0.005     0.1%     0.000     0.000
logical PN:         - edge chord error                  12     0.006     0.1%     0.002     0.0%     0.000     0.000
kernel: sheet_conflict_rank                              5     0.006     0.1%     0.006     0.1%     0.001     0.005
kernel: pn_patch_flatness_error                         18     0.005     0.1%     0.005     0.1%     0.004     0.001
kernel: one_mesh_pixel_apply                             5     0.005     0.1%     0.005     0.1%     0.001     0.004
kernel: raster_bez_count                                 5     0.005     0.1%     0.005     0.1%     0.003     0.002
kernel: raster_bez_write                                 5     0.005     0.1%     0.005     0.1%     0.002     0.002
background prefill                                       5     0.004     0.1%     0.004     0.1%     0.000     0.000
kernel: pn_edge_chord_error                             12     0.004     0.1%     0.004     0.1%     0.003     0.001
post:   - bloom downsample                               5     0.004     0.1%     0.004     0.1%     0.000     0.000
memory reclaim (gc + cuda cache)                        14     0.004     0.1%     0.004     0.1%     0.000     0.000
beziers:   - _build_frame_bounds                         3     0.004     0.1%     0.004     0.1%     0.000     0.000
kernel: sheet_lane_first_owner                           5     0.003     0.0%     0.003     0.0%     0.001     0.002
kernel: bezier_chord_hull_error                         12     0.003     0.0%     0.003     0.0%     0.002     0.000
post:   - tonemap/finalize                               5     0.002     0.0%     0.002     0.0%     0.000     0.000
raster:     - sheets sibling weights                     5     0.002     0.0%     0.002     0.0%     0.000     0.000
kernel: opaque_prefix_keep                               5     0.002     0.0%     0.002     0.0%     0.001     0.001
kernel: mask_popcount                                    5     0.001     0.0%     0.001     0.0%     0.001     0.000
free-VRAM probe (empty_cache)                            1     0.000     0.0%     0.000     0.0%     0.000     0.000
(unaccounted: video encode, scene mgmt, ...)                  -1.665   -26.1%

GPU telemetry over render (80 samples @ ~10 Hz, min/avg/max):
  utilization  0/33/100 %   mem-util 0/13/100 %
  SM clock     300/868/1590 MHz   mem clock 405/2702/5000 MHz
  temperature  47/56/68 C   power 10/33/78 W
  ** THROTTLING observed: SwPowerCap (run-to-run timing is unreliable) **

GPU memory: peak allocated 8103 MB, peak reserved 9448 MB
  batch 0: merged tensors 677.9 MB, BVHs 154.8 MB (cuda after merge 7109 MB)
    counts: num_colored_triangles=0, num_triangles=26812, num_circuits=41, num_frames=19
    tri_bvh: 509200 instances, 1398101 nodes, 1048576 leaves, 77.3 MB
    tri_opaque_bvh: 509200 instances, 1398101 nodes, 1048576 leaves, 77.3 MB
    bez_bvh: 779 instances, 1365 nodes, 1024 leaves, 0.1 MB
    bez_opaque_bvh: 779 instances, 1365 nodes, 1024 leaves, 0.1 MB
    textures: (19, 1573792, 5) = 570.3 MB
    tri_mat: (19, 26812, 34) = 66.1 MB
    tri_pos: (19, 26812, 9) = 17.5 MB
    tri_norm: (19, 26812, 9) = 17.5 MB
    tri_obj: (19, 26812) = 1.9 MB
    tri_tex_meta: (26812, 10) = 1.0 MB
  batch 1: merged tensors 678.4 MB, BVHs 154.8 MB (cuda after merge 7108 MB)
    counts: num_colored_triangles=0, num_triangles=26922, num_circuits=41, num_frames=19
    tri_bvh: 510382 instances, 1398101 nodes, 1048576 leaves, 77.3 MB
    tri_opaque_bvh: 510382 instances, 1398101 nodes, 1048576 leaves, 77.3 MB
    bez_bvh: 779 instances, 1365 nodes, 1024 leaves, 0.1 MB
    bez_opaque_bvh: 779 instances, 1365 nodes, 1024 leaves, 0.1 MB
    textures: (19, 1573918, 5) = 570.4 MB
    tri_mat: (19, 26922, 34) = 66.3 MB
    tri_pos: (19, 26922, 9) = 17.6 MB
    tri_norm: (19, 26922, 9) = 17.6 MB
    tri_obj: (19, 26922) = 2.0 MB
    tri_tex_meta: (26922, 10) = 1.0 MB
  batch 2: merged tensors 429.2 MB, BVHs 154.8 MB (cuda after merge 6623 MB)
    counts: num_colored_triangles=0, num_triangles=26946, num_circuits=41, num_frames=12
    tri_bvh: 323212 instances, 1398101 nodes, 1048576 leaves, 77.3 MB
    tri_opaque_bvh: 323212 instances, 1398101 nodes, 1048576 leaves, 77.3 MB
    bez_bvh: 492 instances, 1365 nodes, 1024 leaves, 0.1 MB
    bez_opaque_bvh: 492 instances, 1365 nodes, 1024 leaves, 0.1 MB
    textures: (12, 1573726, 5) = 360.2 MB
    tri_mat: (12, 26946, 34) = 41.9 MB
    tri_pos: (12, 26946, 9) = 11.1 MB
    tri_norm: (12, 26946, 9) = 11.1 MB
    tri_obj: (12, 26946) = 1.2 MB
    tri_tex_meta: (26946, 10) = 1.0 MB
  cProfile dump: disabled (set ALGAN_PROFILE_CPROFILE=1)

------------------------------------------------------------------------------
Registers / occupancy not collected in-process (Taichi CUPTI toolkit unavailable here).
Run this to get them via nvprof:

  # registers per thread (no admin needed):
  ALGAN_UNDER_NVPROF=1 nvprof --print-gpu-trace --csv /usr/bin/python3 nn_ablation.py base PREVIEW
  # achieved occupancy (may need admin on Pascal):
  ALGAN_UNDER_NVPROF=1 nvprof --metrics achieved_occupancy --csv /usr/bin/python3 nn_ablation.py base PREVIEW
report written to algan_profile_report_nn_abl_base_PREVIEW.txt

[  276.5s]   -> exit 0 in 59.3s
[  276.5s] === ARM pv_noprefetch: nn_ablation.py base PREVIEW  env={'ALGAN_PREFETCH_BATCHES': '0'}
[  276.5s] $ python nn_ablation.py base PREVIEW
Rendering device set to cuda
[Taichi] version 1.7.4, llvm 15.0.4, commit b4b956fd, linux, python 3.12.13
[Taichi] Starting on arch=cuda
ARM=base  QUALITY=PREVIEW  ALGAN_ANALYTIC_AA_SECONDARY=(default)
Encoding video with libx264
Began rendering profilingnn_abl_base_PREVIEW_run1.mp4
Finished rendering profilingnn_abl_base_PREVIEW_run1.mp4 in 31.6 s
Encoding video with libx264
Began rendering profilingnn_abl_base_PREVIEW_run2.mp4
Finished rendering profilingnn_abl_base_PREVIEW_run2.mp4 in 6.9 s
[profiling] hooked 38 Taichi kernels (170 ti.funcs are inlined and not separately timed)

===== profiling run 1/2 (cold) =====

===== profiling run 2/2 (warm) =====

==============================================================================
Algan ray-tracing scene profile
==============================================================================
device: Tesla T4
  driver 580.159.04  compute cap 7.5  15360 MiB  max SM 1590 MHz / mem 5001 MHz  PCIe gen3 x16
  profiling tools: nvidia-smi=yes, nvprof=yes, ncu=yes, nsys=no
  Taichi kernel profiler: off (wall-time only)
  hooked kernels (38): bezier_chord_hull_error, compact_ray_slots, env_background_prefill, fill_background_from_func, finalize_samples, gather_fragment_arrays, gloss_composite, gloss_pyramid_level, gloss_scatter, mask_popcount, one_mesh_pixel_apply, one_mesh_pixel_reduce, opaque_prefix_keep, path_trace_physical_stbvh, path_trace_scene_stbvh, pn_edge_chord_error, pn_patch_flatness_error, raster_bez_count, raster_bez_write, raster_shadow_trace, raster_tri_count, raster_tri_write, sheet_band_reduce, sheet_conflict_rank, sheet_lane_first_owner, sheet_resolve_shade, wavefront_generate_rays, wavefront_shade, wavefront_shadow, wavefront_traverse, wavefront_traverse_events, wf_composite, wf_composite_aa, wf_composite_accum, wf_composite_accum_aa, wf_composite_accum_sparse, wf_finalize_aa, wf_finalize_uncovered

------------------------------------------------------------------------------
RUN 1 (cold (includes Taichi JIT compile)): end-to-end 31.75s
------------------------------------------------------------------------------
incl is wall time, excl is time spent in function excluding sub-processes of another tracked stage
stage                                                calls  incl (s) incl (%)  excl (s)  excl (%)launch    sync      
ray traced render total                                  5    26.134    82.3%     0.009     0.0%     0.000     0.000
wavefront_loop                                           5    25.915    81.6%     0.047     0.1%     0.000     0.000
raster: sparse resolve                                   5    15.141    47.7%     0.010     0.0%     0.000     0.000
kernel: sheet_resolve_shade                             10    13.450    42.4%    13.450    42.4%    13.423     0.027
kernel: wavefront_shade                                 40     4.952    15.6%     4.952    15.6%     4.324     0.628
raster: sparse discovery                                 5     4.275    13.5%     0.051     0.2%     0.000     0.000
arena preflight (batch)                                  3     2.738     8.6%     0.022     0.1%     0.000     0.000
Scene.get_batch_of_primitives                            3     2.288     7.2%     0.419     1.3%     0.000     0.000
  - project_to_screen (prewarm)                          3     1.781     5.6%     0.133     0.4%     0.000     0.000
kernel: raster_shadow_trace                              5     1.681     5.3%     1.681     5.3%     1.122     0.559
logical PN: dice + shade + pack (project_to_screen)      9     1.338     4.2%     0.052     0.2%     0.000     0.000
logical PN:   - _dice_logical_pn                         9     1.286     4.1%     0.282     0.9%     0.000     0.000
kernel: raster_tri_count                                10     1.214     3.8%     1.214     3.8%     1.105     0.108
AnimationTimeline.set_state_to_times                     3     1.015     3.2%     0.559     1.8%     0.000     0.000
kernel: raster_tri_write                                10     1.005     3.2%     1.005     3.2%     0.911     0.094
kernel: wavefront_traverse_events                       40     0.970     3.1%     0.970     3.1%     0.730     0.239
merge collections + build BVHs                           3     0.935     2.9%     0.535     1.7%     0.000     0.000
raster:   - compact_sheets                               5     0.843     2.7%     0.326     1.0%     0.000     0.000
AttributeTimeline.get                                22980     0.837     2.6%     0.837     2.6%     0.000     0.000
logical PN:     - subdivision levels                     9     0.747     2.4%     0.068     0.2%     0.000     0.000
surfaces: get_render_primitives_batched                  6     0.732     2.3%     0.584     1.8%     0.000     0.000
kernel: raster_bez_count                                 5     0.489     1.5%     0.489     1.5%     0.487     0.002
logical PN:       - edge level search                    9     0.467     1.5%     0.079     0.2%     0.000     0.000
logical PN:         - edge chord error                  12     0.388     1.2%     0.002     0.0%     0.000     0.000
kernel: pn_edge_chord_error                             12     0.386     1.2%     0.386     1.2%     0.385     0.001
  - refit-BVH build (in merge)                           6     0.382     1.2%     0.382     1.2%     0.000     0.000
kernel: raster_bez_write                                 5     0.346     1.1%     0.346     1.1%     0.343     0.003
beziers: sample + pack (project_to_screen)               3     0.309     1.0%     0.001     0.0%     0.000     0.000
kernel: gloss_composite                                 50     0.223     0.7%     0.223     0.7%     0.220     0.002
logical PN:       - patch level search                   9     0.210     0.7%     0.025     0.1%     0.000     0.000
post-process (downsample/FXAA/glow)                      5     0.206     0.6%     0.024     0.1%     0.000     0.000
AttributeTimeline.rematerialize_state_at_times          78     0.204     0.6%     0.204     0.6%     0.000     0.000
logical PN:         - patch flatness error              18     0.188     0.6%     0.004     0.0%     0.000     0.000
kernel: pn_patch_flatness_error                         18     0.184     0.6%     0.184     0.6%     0.183     0.002
AttributeTimeline.modify                              4578     0.168     0.5%     0.168     0.5%     0.000     0.000
raster:     - sheets lexsort                            15     0.155     0.5%     0.155     0.5%     0.000     0.000
beziers:   - _compute_samples_per_segment                3     0.154     0.5%     0.005     0.0%     0.000     0.000
beziers:   - _build_circuit_geometry                     3     0.150     0.5%     0.150     0.5%     0.000     0.000
kernel: bezier_chord_hull_error                         12     0.149     0.5%     0.149     0.5%     0.149     0.000
AttributeTimeline.add                                 2770     0.144     0.5%     0.144     0.5%     0.000     0.000
logical PN:     - interpolate attrs                    343     0.136     0.4%     0.136     0.4%     0.000     0.000
raster:     - sheets shade class                         5     0.109     0.3%     0.109     0.3%     0.000     0.000
kernel: gloss_pyramid_level                            450     0.100     0.3%     0.100     0.3%     0.089     0.008
logical PN:     - snap boundary                         34     0.091     0.3%     0.091     0.3%     0.000     0.000
raster:   - window pairs                                10     0.087     0.3%     0.087     0.3%     0.000     0.000
post:   - bloom fft conv                                20     0.086     0.3%     0.086     0.3%     0.000     0.000
post:   - tonemap/finalize                               5     0.082     0.3%     0.082     0.3%     0.000     0.000
raster:   - fragment sort                                5     0.078     0.2%     0.078     0.2%     0.000     0.000
kernel: gloss_scatter                                   50     0.076     0.2%     0.076     0.2%     0.075     0.001
raster:     - sheets prim split                          5     0.072     0.2%     0.072     0.2%     0.000     0.000
kernel: one_mesh_pixel_reduce                            5     0.071     0.2%     0.071     0.2%     0.050     0.021
raster:     - sheets conflict rank                       5     0.060     0.2%     0.000     0.0%     0.000     0.000
kernel: sheet_conflict_rank                              5     0.059     0.2%     0.059     0.2%     0.055     0.005
raster:     - sheets band composite                      5     0.056     0.2%     0.003     0.0%     0.000     0.000
raster:     - sheets band reduce                        10     0.056     0.2%     0.002     0.0%     0.000     0.000
kernel: wf_composite_accum_sparse                       50     0.056     0.2%     0.056     0.2%     0.054     0.001
kernel: sheet_band_reduce                               10     0.053     0.2%     0.053     0.2%     0.049     0.004
Surface.get_render_primitives                            3     0.046     0.1%     0.045     0.1%     0.000     0.000
wavefront:   - compact active                           45     0.044     0.1%     0.006     0.0%     0.000     0.000
kernel: one_mesh_pixel_apply                             5     0.042     0.1%     0.042     0.1%     0.038     0.004
kernel: compact_ray_slots                               45     0.039     0.1%     0.039     0.1%     0.028     0.010
kernel: opaque_prefix_keep                               5     0.038     0.1%     0.038     0.1%     0.037     0.001
kernel: sheet_lane_first_owner                           5     0.038     0.1%     0.038     0.1%     0.035     0.002
wavefront:   - raster tables (batch)                     3     0.032     0.1%     0.000     0.0%     0.000     0.000
scene upload to arena                                    3     0.026     0.1%     0.026     0.1%     0.000     0.000
kernel: mask_popcount                                    5     0.024     0.1%     0.024     0.1%     0.023     0.000
video encode tail (ffmpeg drain)                         1     0.019     0.1%     0.019     0.1%     0.000     0.000
logical PN:     - evaluate patch                        17     0.018     0.1%     0.018     0.1%     0.000     0.000
  - bezier edge accel (in merge)                         3     0.018     0.1%     0.018     0.1%     0.000     0.000
raster:   - precompute tri projection                    3     0.017     0.1%     0.017     0.1%     0.000     0.000
logical PN:     - evaluate normals                      17     0.012     0.0%     0.012     0.0%     0.000     0.000
raster:   - fragment gather                              5     0.011     0.0%     0.011     0.0%     0.000     0.000
post:   - device->host copy                              5     0.010     0.0%     0.010     0.0%     0.000     0.000
BezierCircuitCubic.get_render_primitives                 3     0.008     0.0%     0.005     0.0%     0.000     0.000
raster:   - precompute bez bounds                        3     0.008     0.0%     0.008     0.0%     0.000     0.000
raster:   - precompute tri bounds                        3     0.007     0.0%     0.007     0.0%     0.000     0.000
memory reclaim (gc + cuda cache)                        14     0.007     0.0%     0.007     0.0%     0.000     0.000
background prefill                                       5     0.005     0.0%     0.005     0.0%     0.000     0.000
beziers:   - _build_frame_bounds                         3     0.004     0.0%     0.004     0.0%     0.000     0.000
post:   - bloom downsample                               5     0.004     0.0%     0.004     0.0%     0.000     0.000
raster:     - sheets sibling weights                     5     0.002     0.0%     0.002     0.0%     0.000     0.000
free-VRAM probe (empty_cache)                            1     0.000     0.0%     0.000     0.0%     0.000     0.000
(unaccounted: video encode, scene mgmt, ...)                  -0.138    -0.4%

GPU telemetry over render (380 samples @ ~10 Hz, min/avg/max):
  utilization  0/6/99 %   mem-util 0/3/97 %
  SM clock     300/536/1590 MHz   mem clock 405/2702/5000 MHz
  temperature  46/55/66 C   power 10/23/76 W
  ** THROTTLING observed: SwPowerCap (run-to-run timing is unreliable) **

GPU memory: peak allocated 8369 MB, peak reserved 10182 MB
  batch 0: merged tensors 677.9 MB, BVHs 31.0 MB (cuda after merge 7311 MB)
    counts: num_colored_triangles=0, num_triangles=26812, num_circuits=41, num_frames=19
    tri_bvh: 0 instances, 13353 nodes, 0 leaves, 15.5 MB
    tri_opaque_bvh: 0 instances, 13353 nodes, 0 leaves, 15.5 MB
    bez_bvh: 0 instances, 20 nodes, 0 leaves, 0.0 MB
    bez_opaque_bvh: 0 instances, 20 nodes, 0 leaves, 0.0 MB
    textures: (19, 1573792, 5) = 570.3 MB
    tri_mat: (19, 26812, 34) = 66.1 MB
    tri_pos: (19, 26812, 9) = 17.5 MB
    tri_norm: (19, 26812, 9) = 17.5 MB
    tri_obj: (19, 26812) = 1.9 MB
    tri_tex_meta: (26812, 10) = 1.0 MB
  batch 1: merged tensors 678.4 MB, BVHs 31.4 MB (cuda after merge 7311 MB)
    counts: num_colored_triangles=0, num_triangles=26922, num_circuits=41, num_frames=19
    tri_bvh: 0 instances, 13535 nodes, 0 leaves, 15.7 MB
    tri_opaque_bvh: 0 instances, 13535 nodes, 0 leaves, 15.7 MB
    bez_bvh: 0 instances, 20 nodes, 0 leaves, 0.0 MB
    bez_opaque_bvh: 0 instances, 20 nodes, 0 leaves, 0.0 MB
    textures: (19, 1573918, 5) = 570.4 MB
    tri_mat: (19, 26922, 34) = 66.3 MB
    tri_pos: (19, 26922, 9) = 17.6 MB
    tri_norm: (19, 26922, 9) = 17.6 MB
    tri_obj: (19, 26922) = 2.0 MB
    tri_tex_meta: (26922, 10) = 1.0 MB
  batch 2: merged tensors 429.2 MB, BVHs 19.8 MB (cuda after merge 6819 MB)
    counts: num_colored_triangles=0, num_triangles=26946, num_circuits=41, num_frames=12
    tri_bvh: 0 instances, 13528 nodes, 0 leaves, 9.9 MB
    tri_opaque_bvh: 0 instances, 13528 nodes, 0 leaves, 9.9 MB
    bez_bvh: 0 instances, 20 nodes, 0 leaves, 0.0 MB
    bez_opaque_bvh: 0 instances, 20 nodes, 0 leaves, 0.0 MB
    textures: (12, 1573726, 5) = 360.2 MB
    tri_mat: (12, 26946, 34) = 41.9 MB
    tri_pos: (12, 26946, 9) = 11.1 MB
    tri_norm: (12, 26946, 9) = 11.1 MB
    tri_obj: (12, 26946) = 1.2 MB
    tri_tex_meta: (26946, 10) = 1.0 MB
  cProfile dump: disabled (set ALGAN_PROFILE_CPROFILE=1)

------------------------------------------------------------------------------
RUN 2 (warm (steady state)): end-to-end 7.17s
------------------------------------------------------------------------------
incl is wall time, excl is time spent in function excluding sub-processes of another tracked stage
stage                                                calls  incl (s) incl (%)  excl (s)  excl (%)launch    sync      
ray traced render total                                  5     2.840    39.6%     0.009     0.1%     0.000     0.000
wavefront_loop                                           5     2.710    37.8%     0.048     0.7%     0.000     0.000
Scene.get_batch_of_primitives                            3     2.229    31.1%     0.355     4.9%     0.000     0.000
arena preflight (batch)                                  3     1.491    20.8%     0.017     0.2%     0.000     0.000
raster: sparse discovery                                 5     1.119    15.6%     0.048     0.7%     0.000     0.000
AnimationTimeline.set_state_to_times                     3     0.988    13.8%     0.574     8.0%     0.000     0.000
merge collections + build BVHs                           3     0.878    12.2%     0.494     6.9%     0.000     0.000
AttributeTimeline.get                                22702     0.860    12.0%     0.860    12.0%     0.000     0.000
surfaces: get_render_primitives_batched                  6     0.773    10.8%     0.597     8.3%     0.000     0.000
raster:   - compact_sheets                               5     0.676     9.4%     0.322     4.5%     0.000     0.000
  - project_to_screen (prewarm)                          3     0.596     8.3%     0.134     1.9%     0.000     0.000
kernel: wavefront_shade                                 40     0.594     8.3%     0.594     8.3%     0.023     0.571
raster: sparse resolve                                   5     0.587     8.2%     0.009     0.1%     0.000     0.000
kernel: raster_shadow_trace                              5     0.542     7.5%     0.542     7.5%     0.003     0.538
  - refit-BVH build (in merge)                           6     0.369     5.1%     0.369     5.1%     0.000     0.000
logical PN: dice + shade + pack (project_to_screen)      9     0.368     5.1%     0.053     0.7%     0.000     0.000
logical PN:   - _dice_logical_pn                         9     0.315     4.4%     0.164     2.3%     0.000     0.000
kernel: wavefront_traverse_events                       40     0.241     3.4%     0.241     3.4%     0.017     0.223
AttributeTimeline.modify                              4578     0.171     2.4%     0.171     2.4%     0.000     0.000
AttributeTimeline.rematerialize_state_at_times          78     0.156     2.2%     0.156     2.2%     0.000     0.000
raster:     - sheets lexsort                            15     0.153     2.1%     0.153     2.1%     0.000     0.000
AttributeTimeline.add                                 2770     0.150     2.1%     0.150     2.1%     0.000     0.000
post-process (downsample/FXAA/glow)                      5     0.116     1.6%     0.024     0.3%     0.000     0.000
raster:     - sheets shade class                         5     0.106     1.5%     0.106     1.5%     0.000     0.000
kernel: raster_tri_count                                10     0.099     1.4%     0.099     1.4%     0.004     0.095
beziers: sample + pack (project_to_screen)               3     0.094     1.3%     0.001     0.0%     0.000     0.000
kernel: raster_tri_write                                10     0.086     1.2%     0.086     1.2%     0.004     0.082
raster:   - window pairs                                10     0.085     1.2%     0.085     1.2%     0.000     0.000
beziers:   - _build_circuit_geometry                     3     0.084     1.2%     0.084     1.2%     0.000     0.000
raster:   - fragment sort                                5     0.077     1.1%     0.077     1.1%     0.000     0.000
post:   - bloom fft conv                                20     0.077     1.1%     0.077     1.1%     0.000     0.000
logical PN:     - interpolate attrs                    343     0.072     1.0%     0.072     1.0%     0.000     0.000
raster:     - sheets prim split                          5     0.072     1.0%     0.072     1.0%     0.000     0.000
kernel: gloss_pyramid_level                            450     0.044     0.6%     0.044     0.6%     0.032     0.009
Surface.get_render_primitives                            3     0.044     0.6%     0.043     0.6%     0.000     0.000
logical PN:     - subdivision levels                     9     0.036     0.5%     0.008     0.1%     0.000     0.000
kernel: sheet_resolve_shade                             10     0.036     0.5%     0.036     0.5%     0.008     0.027
wavefront:   - raster tables (batch)                     3     0.033     0.5%     0.000     0.0%     0.000     0.000
scene upload to arena                                    3     0.026     0.4%     0.026     0.4%     0.000     0.000
kernel: one_mesh_pixel_reduce                            5     0.022     0.3%     0.022     0.3%     0.001     0.021
wavefront:   - compact active                           45     0.021     0.3%     0.005     0.1%     0.000     0.000
video encode tail (ffmpeg drain)                         1     0.020     0.3%     0.020     0.3%     0.000     0.000
logical PN:     - evaluate patch                        17     0.018     0.2%     0.018     0.2%     0.000     0.000
raster:   - precompute tri projection                    3     0.016     0.2%     0.016     0.2%     0.000     0.000
kernel: compact_ray_slots                               45     0.016     0.2%     0.016     0.2%     0.006     0.010
logical PN:       - patch level search                   9     0.015     0.2%     0.010     0.1%     0.000     0.000
  - bezier edge accel (in merge)                         3     0.015     0.2%     0.015     0.2%     0.000     0.000
logical PN:     - snap boundary                         34     0.013     0.2%     0.013     0.2%     0.000     0.000
logical PN:     - evaluate normals                      17     0.012     0.2%     0.012     0.2%     0.000     0.000
raster:   - fragment gather                              5     0.010     0.1%     0.010     0.1%     0.000     0.000
logical PN:       - edge level search                    9     0.010     0.1%     0.005     0.1%     0.000     0.000
post:   - device->host copy                              5     0.010     0.1%     0.010     0.1%     0.000     0.000
raster:     - sheets band reduce                        10     0.009     0.1%     0.003     0.0%     0.000     0.000
raster:   - precompute bez bounds                        3     0.009     0.1%     0.009     0.1%     0.000     0.000
kernel: gloss_scatter                                   50     0.009     0.1%     0.009     0.1%     0.007     0.001
raster:     - sheets band composite                      5     0.008     0.1%     0.003     0.0%     0.000     0.000
kernel: gloss_composite                                 50     0.008     0.1%     0.008     0.1%     0.005     0.002
logical PN:         - patch flatness error              18     0.008     0.1%     0.003     0.0%     0.000     0.000
BezierCircuitCubic.get_render_primitives                 3     0.008     0.1%     0.006     0.1%     0.000     0.000
kernel: wf_composite_accum_sparse                       50     0.007     0.1%     0.007     0.1%     0.006     0.001
raster:   - precompute tri bounds                        3     0.007     0.1%     0.007     0.1%     0.000     0.000
kernel: sheet_band_reduce                               10     0.007     0.1%     0.007     0.1%     0.002     0.004
beziers:   - _compute_samples_per_segment                3     0.006     0.1%     0.004     0.1%     0.000     0.000
raster:     - sheets conflict rank                       5     0.006     0.1%     0.001     0.0%     0.000     0.000
kernel: sheet_conflict_rank                              5     0.006     0.1%     0.006     0.1%     0.001     0.005
logical PN:         - edge chord error                  12     0.005     0.1%     0.001     0.0%     0.000     0.000
kernel: one_mesh_pixel_apply                             5     0.005     0.1%     0.005     0.1%     0.001     0.004
kernel: pn_patch_flatness_error                         18     0.005     0.1%     0.005     0.1%     0.003     0.001
kernel: raster_bez_count                                 5     0.004     0.1%     0.004     0.1%     0.002     0.002
background prefill                                       5     0.004     0.1%     0.004     0.1%     0.000     0.000
kernel: raster_bez_write                                 5     0.004     0.1%     0.004     0.1%     0.002     0.002
kernel: pn_edge_chord_error                             12     0.004     0.1%     0.004     0.1%     0.003     0.001
post:   - bloom downsample                               5     0.004     0.1%     0.004     0.1%     0.000     0.000
beziers:   - _build_frame_bounds                         3     0.004     0.0%     0.004     0.0%     0.000     0.000
kernel: sheet_lane_first_owner                           5     0.003     0.0%     0.003     0.0%     0.001     0.002
post:   - tonemap/finalize                               5     0.002     0.0%     0.002     0.0%     0.000     0.000
kernel: bezier_chord_hull_error                         12     0.002     0.0%     0.002     0.0%     0.002     0.000
raster:     - sheets sibling weights                     5     0.002     0.0%     0.002     0.0%     0.000     0.000
kernel: opaque_prefix_keep                               5     0.002     0.0%     0.002     0.0%     0.001     0.001
memory reclaim (gc + cuda cache)                        14     0.001     0.0%     0.001     0.0%     0.000     0.000
kernel: mask_popcount                                    5     0.001     0.0%     0.001     0.0%     0.001     0.000
free-VRAM probe (empty_cache)                            1     0.000     0.0%     0.000     0.0%     0.000     0.000
(unaccounted: video encode, scene mgmt, ...)                  -0.117    -1.6%

GPU telemetry over render (90 samples @ ~10 Hz, min/avg/max):
  utilization  0/25/100 %   mem-util 0/12/100 %
  SM clock     300/869/1590 MHz   mem clock 405/2702/5000 MHz
  temperature  46/56/68 C   power 10/32/82 W
  ** THROTTLING observed: SwPowerCap (run-to-run timing is unreliable) **

GPU memory: peak allocated 8103 MB, peak reserved 9448 MB
  batch 0: merged tensors 677.9 MB, BVHs 31.0 MB (cuda after merge 7046 MB)
    counts: num_colored_triangles=0, num_triangles=26812, num_circuits=41, num_frames=19
    tri_bvh: 0 instances, 13353 nodes, 0 leaves, 15.5 MB
    tri_opaque_bvh: 0 instances, 13353 nodes, 0 leaves, 15.5 MB
    bez_bvh: 0 instances, 20 nodes, 0 leaves, 0.0 MB
    bez_opaque_bvh: 0 instances, 20 nodes, 0 leaves, 0.0 MB
    textures: (19, 1573792, 5) = 570.3 MB
    tri_mat: (19, 26812, 34) = 66.1 MB
    tri_pos: (19, 26812, 9) = 17.5 MB
    tri_norm: (19, 26812, 9) = 17.5 MB
    tri_obj: (19, 26812) = 1.9 MB
    tri_tex_meta: (26812, 10) = 1.0 MB
  batch 1: merged tensors 678.4 MB, BVHs 31.4 MB (cuda after merge 7047 MB)
    counts: num_colored_triangles=0, num_triangles=26922, num_circuits=41, num_frames=19
    tri_bvh: 0 instances, 13535 nodes, 0 leaves, 15.7 MB
    tri_opaque_bvh: 0 instances, 13535 nodes, 0 leaves, 15.7 MB
    bez_bvh: 0 instances, 20 nodes, 0 leaves, 0.0 MB
    bez_opaque_bvh: 0 instances, 20 nodes, 0 leaves, 0.0 MB
    textures: (19, 1573918, 5) = 570.4 MB
    tri_mat: (19, 26922, 34) = 66.3 MB
    tri_pos: (19, 26922, 9) = 17.6 MB
    tri_norm: (19, 26922, 9) = 17.6 MB
    tri_obj: (19, 26922) = 2.0 MB
    tri_tex_meta: (26922, 10) = 1.0 MB
  batch 2: merged tensors 429.2 MB, BVHs 19.8 MB (cuda after merge 6555 MB)
    counts: num_colored_triangles=0, num_triangles=26946, num_circuits=41, num_frames=12
    tri_bvh: 0 instances, 13528 nodes, 0 leaves, 9.9 MB
    tri_opaque_bvh: 0 instances, 13528 nodes, 0 leaves, 9.9 MB
    bez_bvh: 0 instances, 20 nodes, 0 leaves, 0.0 MB
    bez_opaque_bvh: 0 instances, 20 nodes, 0 leaves, 0.0 MB
    textures: (12, 1573726, 5) = 360.2 MB
    tri_mat: (12, 26946, 34) = 41.9 MB
    tri_pos: (12, 26946, 9) = 11.1 MB
    tri_norm: (12, 26946, 9) = 11.1 MB
    tri_obj: (12, 26946) = 1.2 MB
    tri_tex_meta: (26946, 10) = 1.0 MB
  cProfile dump: disabled (set ALGAN_PROFILE_CPROFILE=1)

------------------------------------------------------------------------------
Registers / occupancy not collected in-process (Taichi CUPTI toolkit unavailable here).
Run this to get them via nvprof:

  # registers per thread (no admin needed):
  ALGAN_UNDER_NVPROF=1 nvprof --print-gpu-trace --csv /usr/bin/python3 nn_ablation.py base PREVIEW
  # achieved occupancy (may need admin on Pascal):
  ALGAN_UNDER_NVPROF=1 nvprof --metrics achieved_occupancy --csv /usr/bin/python3 nn_ablation.py base PREVIEW
report written to algan_profile_report_nn_abl_base_PREVIEW.txt

[  329.1s]   -> exit 0 in 52.6s
[  329.1s] === ARM uhd_norefit: nn_ablation.py base UHD  env={'ALGAN_BVH_REFIT': '0'}
[  329.1s] $ python nn_ablation.py base UHD
Rendering device set to cuda
[Taichi] version 1.7.4, llvm 15.0.4, commit b4b956fd, linux, python 3.12.13
[Taichi] Starting on arch=cuda
ARM=base  QUALITY=UHD  ALGAN_ANALYTIC_AA_SECONDARY=(default)
Encoding video with libx264
Began rendering profilingnn_abl_base_UHD_run1.mp4
Preparing render kernels. If this is the first render on this machine (or after an update), compiling the GPU kernels can take several minutes. Compiled kernels are cached, so subsequent renders start immediately.
Finished rendering profilingnn_abl_base_UHD_run1.mp4 in 56.4 s
Encoding video with libx264
Began rendering profilingnn_abl_base_UHD_run2.mp4
Finished rendering profilingnn_abl_base_UHD_run2.mp4 in 30.4 s
[profiling] hooked 38 Taichi kernels (170 ti.funcs are inlined and not separately timed)

===== profiling run 1/2 (cold) =====

===== profiling run 2/2 (warm) =====

==============================================================================
Algan ray-tracing scene profile
==============================================================================
device: Tesla T4
  driver 580.159.04  compute cap 7.5  15360 MiB  max SM 1590 MHz / mem 5001 MHz  PCIe gen3 x16
  profiling tools: nvidia-smi=yes, nvprof=yes, ncu=yes, nsys=no
  Taichi kernel profiler: off (wall-time only)
  hooked kernels (38): bezier_chord_hull_error, compact_ray_slots, env_background_prefill, fill_background_from_func, finalize_samples, gather_fragment_arrays, gloss_composite, gloss_pyramid_level, gloss_scatter, mask_popcount, one_mesh_pixel_apply, one_mesh_pixel_reduce, opaque_prefix_keep, path_trace_physical_stbvh, path_trace_scene_stbvh, pn_edge_chord_error, pn_patch_flatness_error, raster_bez_count, raster_bez_write, raster_shadow_trace, raster_tri_count, raster_tri_write, sheet_band_reduce, sheet_conflict_rank, sheet_lane_first_owner, sheet_resolve_shade, wavefront_generate_rays, wavefront_shade, wavefront_shadow, wavefront_traverse, wavefront_traverse_events, wf_composite, wf_composite_aa, wf_composite_accum, wf_composite_accum_aa, wf_composite_accum_sparse, wf_finalize_aa, wf_finalize_uncovered

------------------------------------------------------------------------------
RUN 1 (cold (includes Taichi JIT compile)): end-to-end 56.63s
------------------------------------------------------------------------------
incl is wall time, excl is time spent in function excluding sub-processes of another tracked stage
stage                                                calls  incl (s) incl (%)  excl (s)  excl (%)launch    sync      
ray traced render total                                 30    52.332    92.4%     0.084     0.1%     0.000     0.000
wavefront_loop                                          30    50.704    89.5%     0.551     1.0%     0.000     0.000
raster: sparse resolve                                  30    20.053    35.4%     0.088     0.2%     0.000     0.000
kernel: wavefront_shade                                240    14.411    25.4%    14.411    25.4%     4.456     9.949
kernel: sheet_resolve_shade                             60    13.692    24.2%    13.692    24.2%    13.454     0.237
Scene.get_batch_of_primitives                            2    10.870    19.2%     0.348     0.6%     0.000     0.000
raster: sparse discovery                                30    10.628    18.8%     0.347     0.6%     0.000     0.000
surfaces: get_render_primitives_batched                  4     6.759    11.9%     4.848     8.6%     0.000     0.000
kernel: raster_shadow_trace                             30     6.273    11.1%     6.273    11.1%     1.187     5.085
raster:   - compact_sheets                              30     4.340     7.7%     2.243     4.0%     0.000     0.000
kernel: wavefront_traverse_events                      240     4.242     7.5%     4.242     7.5%     1.111     3.127
AnimationTimeline.set_state_to_times                     2     3.665     6.5%     3.118     5.5%     0.000     0.000
AttributeTimeline.get                                20139     2.689     4.7%     2.689     4.7%     0.000     0.000
arena preflight (batch)                                  2     2.519     4.4%     0.006     0.0%     0.000     0.000
kernel: raster_tri_count                                60     1.727     3.0%     1.727     3.0%     1.082     0.644
  - project_to_screen (prewarm)                          2     1.640     2.9%     0.089     0.2%     0.000     0.000
post-process (downsample/FXAA/glow)                     30     1.498     2.6%     0.427     0.8%     0.000     0.000
kernel: raster_tri_write                                60     1.483     2.6%     1.483     2.6%     0.947     0.535
logical PN: dice + shade + pack (project_to_screen)      6     1.254     2.2%     0.054     0.1%     0.000     0.000
logical PN:   - _dice_logical_pn                         6     1.201     2.1%     0.238     0.4%     0.000     0.000
raster:   - window pairs                                60     1.150     2.0%     1.150     2.0%     0.000     0.000
raster:     - sheets lexsort                            90     0.906     1.6%     0.906     1.6%     0.000     0.000
merge collections + build BVHs                           2     0.873     1.5%     0.525     0.9%     0.000     0.000
logical PN:     - subdivision levels                     6     0.756     1.3%     0.068     0.1%     0.000     0.000
kernel: raster_bez_count                                30     0.546     1.0%     0.546     1.0%     0.533     0.013
raster:     - sheets shade class                        30     0.509     0.9%     0.509     0.9%     0.000     0.000
logical PN:       - edge level search                    6     0.437     0.8%     0.071     0.1%     0.000     0.000
post:   - bloom fft conv                               120     0.422     0.7%     0.422     0.7%     0.000     0.000
raster:   - fragment sort                               30     0.414     0.7%     0.414     0.7%     0.000     0.000
kernel: raster_bez_write                                30     0.379     0.7%     0.379     0.7%     0.366     0.013
logical PN:         - edge chord error                   8     0.366     0.6%     0.001     0.0%     0.000     0.000
kernel: pn_edge_chord_error                              8     0.365     0.6%     0.365     0.6%     0.364     0.001
raster:     - sheets prim split                         30     0.346     0.6%     0.346     0.6%     0.000     0.000
post:   - bloom downsample                              30     0.344     0.6%     0.344     0.6%     0.000     0.000
beziers: sample + pack (project_to_screen)               2     0.296     0.5%     0.000     0.0%     0.000     0.000
  - STBVH build (in merge)                               4     0.260     0.5%     0.240     0.4%     0.000     0.000
kernel: gloss_composite                                 30     0.254     0.4%     0.254     0.4%     0.220     0.033
logical PN:       - patch level search                   6     0.247     0.4%     0.022     0.0%     0.000     0.000
wavefront:   - compact active                          270     0.241     0.4%     0.038     0.1%     0.000     0.000
logical PN:         - patch flatness error              14     0.229     0.4%     0.021     0.0%     0.000     0.000
kernel: pn_patch_flatness_error                         14     0.208     0.4%     0.208     0.4%     0.204     0.003
kernel: compact_ray_slots                              270     0.203     0.4%     0.203     0.4%     0.063     0.137
post:   - device->host copy                             30     0.193     0.3%     0.193     0.3%     0.000     0.000
AttributeTimeline.rematerialize_state_at_times          52     0.184     0.3%     0.184     0.3%     0.000     0.000
AttributeTimeline.modify                              4320     0.176     0.3%     0.176     0.3%     0.000     0.000
beziers:   - _compute_samples_per_segment                2     0.150     0.3%     0.004     0.0%     0.000     0.000
kernel: bezier_chord_hull_error                         10     0.146     0.3%     0.146     0.3%     0.146     0.001
AttributeTimeline.add                                 2770     0.146     0.3%     0.146     0.3%     0.000     0.000
beziers:   - _build_circuit_geometry                     2     0.143     0.3%     0.143     0.3%     0.000     0.000
logical PN:     - interpolate attrs                    324     0.130     0.2%     0.130     0.2%     0.000     0.000
kernel: gloss_pyramid_level                            270     0.126     0.2%     0.126     0.2%     0.080     0.045
post:   - tonemap/finalize                              30     0.113     0.2%     0.113     0.2%     0.000     0.000
raster:     - sheets band reduce                        60     0.109     0.2%     0.019     0.0%     0.000     0.000
raster:     - sheets band composite                     30     0.108     0.2%     0.025     0.0%     0.000     0.000
video encode tail (ffmpeg drain)                         1     0.097     0.2%     0.097     0.2%     0.000     0.000
kernel: gloss_scatter                                   30     0.093     0.2%     0.093     0.2%     0.072     0.021
kernel: sheet_band_reduce                               60     0.089     0.2%     0.089     0.2%     0.067     0.022
raster:     - sheets conflict rank                      30     0.089     0.2%     0.003     0.0%     0.000     0.000
  - bezier edge accel (in merge)                         2     0.088     0.2%     0.088     0.2%     0.000     0.000
kernel: sheet_conflict_rank                             30     0.086     0.2%     0.086     0.2%     0.074     0.012
kernel: one_mesh_pixel_reduce                           30     0.081     0.1%     0.081     0.1%     0.055     0.026
memory reclaim (gc + cuda cache)                        36     0.077     0.1%     0.077     0.1%     0.000     0.000
kernel: sheet_lane_first_owner                          30     0.066     0.1%     0.066     0.1%     0.045     0.021
kernel: wf_composite_accum_sparse                       30     0.064     0.1%     0.064     0.1%     0.055     0.009
raster:   - fragment gather                             30     0.058     0.1%     0.058     0.1%     0.000     0.000
logical PN:     - snap boundary                         30     0.055     0.1%     0.055     0.1%     0.000     0.000
kernel: opaque_prefix_keep                              30     0.054     0.1%     0.054     0.1%     0.050     0.003
kernel: one_mesh_pixel_apply                            30     0.049     0.1%     0.049     0.1%     0.041     0.008
background prefill                                      30     0.046     0.1%     0.046     0.1%     0.000     0.000
wavefront:   - raster tables (batch)                     2     0.042     0.1%     0.001     0.0%     0.000     0.000
Surface.get_render_primitives                            2     0.041     0.1%     0.040     0.1%     0.000     0.000
scene upload to arena                                    2     0.031     0.1%     0.031     0.1%     0.000     0.000
kernel: mask_popcount                                   30     0.029     0.1%     0.029     0.1%     0.027     0.001
  - STBVH temporal segmentation                          4     0.020     0.0%     0.020     0.0%     0.000     0.000
raster:     - sheets sibling weights                    30     0.018     0.0%     0.018     0.0%     0.000     0.000
raster:   - precompute tri projection                    2     0.018     0.0%     0.018     0.0%     0.000     0.000
raster:   - precompute bez bounds                        2     0.014     0.0%     0.014     0.0%     0.000     0.000
logical PN:     - evaluate patch                        15     0.013     0.0%     0.013     0.0%     0.000     0.000
logical PN:     - evaluate normals                      15     0.009     0.0%     0.009     0.0%     0.000     0.000
raster:   - precompute tri bounds                        2     0.009     0.0%     0.009     0.0%     0.000     0.000
BezierCircuitCubic.get_render_primitives                 2     0.005     0.0%     0.003     0.0%     0.000     0.000
beziers:   - _build_frame_bounds                         2     0.003     0.0%     0.003     0.0%     0.000     0.000
free-VRAM probe (empty_cache)                            1     0.000     0.0%     0.000     0.0%     0.000     0.000
(unaccounted: video encode, scene mgmt, ...)                  -9.974   -17.6%

GPU telemetry over render (700 samples @ ~10 Hz, min/avg/max):
  utilization  0/25/100 %   mem-util 0/8/86 %
  SM clock     300/712/1590 MHz   mem clock 405/2702/5000 MHz
  temperature  45/56/77 C   power 10/30/84 W
  ** THROTTLING observed: SwPowerCap (run-to-run timing is unreliable) **

GPU memory: peak allocated 8680 MB, peak reserved 9966 MB
  batch 0: merged tensors 768.8 MB, BVHs 154.8 MB (cuda after merge 7502 MB)
    counts: num_colored_triangles=0, num_triangles=49515, num_circuits=41, num_frames=19
    tri_bvh: 937639 instances, 1398101 nodes, 1048576 leaves, 77.3 MB
    tri_opaque_bvh: 937639 instances, 1398101 nodes, 1048576 leaves, 77.3 MB
    bez_bvh: 779 instances, 1365 nodes, 1024 leaves, 0.1 MB
    bez_opaque_bvh: 779 instances, 1365 nodes, 1024 leaves, 0.1 MB
    textures: (19, 1574228, 5) = 570.5 MB
    tri_mat: (19, 49515, 34) = 122.0 MB
    tri_pos: (19, 49515, 9) = 32.3 MB
    tri_norm: (19, 49515, 9) = 32.3 MB
    tri_obj: (19, 49515) = 3.6 MB
    tri_tex_meta: (49515, 10) = 1.9 MB
  batch 1: merged tensors 447.0 MB, BVHs 154.8 MB (cuda after merge 6892 MB)
    counts: num_colored_triangles=0, num_triangles=49736, num_circuits=41, num_frames=11
    tri_bvh: 546571 instances, 1398101 nodes, 1048576 leaves, 77.3 MB
    tri_opaque_bvh: 546571 instances, 1398101 nodes, 1048576 leaves, 77.3 MB
    bez_bvh: 451 instances, 1365 nodes, 1024 leaves, 0.1 MB
    bez_opaque_bvh: 451 instances, 1365 nodes, 1024 leaves, 0.1 MB
    textures: (11, 1573846, 5) = 330.2 MB
    tri_mat: (11, 49736, 34) = 71.0 MB
    tri_pos: (11, 49736, 9) = 18.8 MB
    tri_norm: (11, 49736, 9) = 18.8 MB
    tri_obj: (11, 49736) = 2.1 MB
    tri_tex_meta: (49736, 10) = 1.9 MB
  cProfile dump: disabled (set ALGAN_PROFILE_CPROFILE=1)

------------------------------------------------------------------------------
RUN 2 (warm (steady state)): end-to-end 30.58s
------------------------------------------------------------------------------
incl is wall time, excl is time spent in function excluding sub-processes of another tracked stage
stage                                                calls  incl (s) incl (%)  excl (s)  excl (%)launch    sync      
ray traced render total                                 30    27.771    90.8%     0.071     0.2%     0.000     0.000
wavefront_loop                                          30    26.958    88.1%     0.555     1.8%     0.000     0.000
kernel: wavefront_shade                                240     9.950    32.5%     9.950    32.5%     0.172     9.774
raster: sparse discovery                                30     7.486    24.5%     0.367     1.2%     0.000     0.000
raster: sparse resolve                                  30     5.340    17.5%     0.093     0.3%     0.000     0.000
kernel: raster_shadow_trace                             30     4.964    16.2%     4.964    16.2%     0.022     4.941
raster:   - compact_sheets                              30     4.141    13.5%     2.236     7.3%     0.000     0.000
kernel: wavefront_traverse_events                      240     3.231    10.6%     3.231    10.6%     0.174     3.053
Scene.get_batch_of_primitives                            2     1.571     5.1%     0.316     1.0%     0.000     0.000
arena preflight (batch)                                  2     1.210     4.0%     0.007     0.0%     0.000     0.000
raster:   - window pairs                                60     1.149     3.8%     1.149     3.8%     0.000     0.000
raster:     - sheets lexsort                            90     0.902     2.9%     0.902     2.9%     0.000     0.000
merge collections + build BVHs                           2     0.723     2.4%     0.480     1.6%     0.000     0.000
kernel: raster_tri_count                                60     0.695     2.3%     0.695     2.3%     0.029     0.661
post-process (downsample/FXAA/glow)                     30     0.695     2.3%     0.299     1.0%     0.000     0.000
AnimationTimeline.set_state_to_times                     2     0.693     2.3%     0.376     1.2%     0.000     0.000
AttributeTimeline.get                                19861     0.682     2.2%     0.682     2.2%     0.000     0.000
kernel: raster_tri_write                                60     0.548     1.8%     0.548     1.8%     0.027     0.520
raster:     - sheets shade class                        30     0.510     1.7%     0.510     1.7%     0.000     0.000
surfaces: get_render_primitives_batched                  4     0.482     1.6%     0.405     1.3%     0.000     0.000
  - project_to_screen (prewarm)                          2     0.480     1.6%     0.085     0.3%     0.000     0.000
raster:   - fragment sort                               30     0.411     1.3%     0.411     1.3%     0.000     0.000
logical PN: dice + shade + pack (project_to_screen)      6     0.358     1.2%     0.063     0.2%     0.000     0.000
raster:     - sheets prim split                         30     0.346     1.1%     0.346     1.1%     0.000     0.000
logical PN:   - _dice_logical_pn                         6     0.295     1.0%     0.132     0.4%     0.000     0.000
kernel: sheet_resolve_shade                             60     0.283     0.9%     0.283     0.9%     0.049     0.233
  - STBVH build (in merge)                               4     0.231     0.8%     0.209     0.7%     0.000     0.000
wavefront:   - compact active                          270     0.215     0.7%     0.036     0.1%     0.000     0.000
kernel: compact_ray_slots                              270     0.179     0.6%     0.179     0.6%     0.040     0.137
post:   - device->host copy                             30     0.163     0.5%     0.163     0.5%     0.000     0.000
AttributeTimeline.modify                              4320     0.158     0.5%     0.158     0.5%     0.000     0.000
AttributeTimeline.add                                 2770     0.156     0.5%     0.156     0.5%     0.000     0.000
post:   - bloom downsample                              30     0.152     0.5%     0.152     0.5%     0.000     0.000
AttributeTimeline.rematerialize_state_at_times          52     0.148     0.5%     0.148     0.5%     0.000     0.000
video encode tail (ffmpeg drain)                         1     0.101     0.3%     0.101     0.3%     0.000     0.000
memory reclaim (gc + cuda cache)                        36     0.073     0.2%     0.073     0.2%     0.000     0.000
kernel: gloss_pyramid_level                            270     0.065     0.2%     0.065     0.2%     0.019     0.045
logical PN:     - interpolate attrs                    324     0.062     0.2%     0.062     0.2%     0.000     0.000
raster:     - sheets band composite                     30     0.059     0.2%     0.026     0.1%     0.000     0.000
raster:   - fragment gather                             30     0.058     0.2%     0.058     0.2%     0.000     0.000
raster:     - sheets band reduce                        60     0.053     0.2%     0.019     0.1%     0.000     0.000
post:   - bloom fft conv                               120     0.049     0.2%     0.049     0.2%     0.000     0.000
background prefill                                      30     0.047     0.2%     0.047     0.2%     0.000     0.000
logical PN:     - evaluate normals                      15     0.039     0.1%     0.039     0.1%     0.000     0.000
beziers: sample + pack (project_to_screen)               2     0.038     0.1%     0.000     0.0%     0.000     0.000
kernel: gloss_composite                                 30     0.037     0.1%     0.037     0.1%     0.003     0.033
wavefront:   - raster tables (batch)                     2     0.037     0.1%     0.000     0.0%     0.000     0.000
logical PN:     - subdivision levels                     6     0.035     0.1%     0.007     0.0%     0.000     0.000
kernel: sheet_band_reduce                               60     0.034     0.1%     0.034     0.1%     0.011     0.022
kernel: one_mesh_pixel_reduce                           30     0.034     0.1%     0.034     0.1%     0.007     0.026
post:   - tonemap/finalize                              30     0.032     0.1%     0.032     0.1%     0.000     0.000
kernel: raster_bez_count                                30     0.032     0.1%     0.032     0.1%     0.019     0.013
beziers:   - _build_circuit_geometry                     2     0.029     0.1%     0.029     0.1%     0.000     0.000
kernel: raster_bez_write                                30     0.029     0.1%     0.029     0.1%     0.015     0.013
kernel: gloss_scatter                                   30     0.027     0.1%     0.027     0.1%     0.006     0.021
kernel: sheet_lane_first_owner                          30     0.025     0.1%     0.025     0.1%     0.004     0.021
scene upload to arena                                    2     0.025     0.1%     0.025     0.1%     0.000     0.000
Surface.get_render_primitives                            2     0.024     0.1%     0.023     0.1%     0.000     0.000
  - STBVH temporal segmentation                          4     0.022     0.1%     0.022     0.1%     0.000     0.000
raster:     - sheets conflict rank                      30     0.020     0.1%     0.003     0.0%     0.000     0.000
raster:   - precompute tri projection                    2     0.019     0.1%     0.019     0.1%     0.000     0.000
raster:     - sheets sibling weights                    30     0.018     0.1%     0.018     0.1%     0.000     0.000
kernel: sheet_conflict_rank                             30     0.017     0.1%     0.017     0.1%     0.004     0.012
logical PN:       - patch level search                   6     0.017     0.1%     0.012     0.0%     0.000     0.000
logical PN:     - snap boundary                         30     0.014     0.0%     0.014     0.0%     0.000     0.000
kernel: wf_composite_accum_sparse                       30     0.013     0.0%     0.013     0.0%     0.004     0.009
logical PN:     - evaluate patch                        15     0.013     0.0%     0.013     0.0%     0.000     0.000
kernel: one_mesh_pixel_apply                            30     0.013     0.0%     0.013     0.0%     0.005     0.008
  - bezier edge accel (in merge)                         2     0.011     0.0%     0.011     0.0%     0.000     0.000
raster:   - precompute bez bounds                        2     0.010     0.0%     0.010     0.0%     0.000     0.000
BezierCircuitCubic.get_render_primitives                 2     0.010     0.0%     0.008     0.0%     0.000     0.000
logical PN:         - patch flatness error              14     0.008     0.0%     0.003     0.0%     0.000     0.000
logical PN:       - edge level search                    6     0.008     0.0%     0.004     0.0%     0.000     0.000
kernel: opaque_prefix_keep                              30     0.008     0.0%     0.008     0.0%     0.004     0.003
raster:   - precompute tri bounds                        2     0.007     0.0%     0.007     0.0%     0.000     0.000
beziers:   - _compute_samples_per_segment                2     0.006     0.0%     0.004     0.0%     0.000     0.000
kernel: pn_patch_flatness_error                         14     0.005     0.0%     0.005     0.0%     0.003     0.002
kernel: mask_popcount                                   30     0.005     0.0%     0.005     0.0%     0.003     0.002
logical PN:         - edge chord error                   8     0.004     0.0%     0.001     0.0%     0.000     0.000
kernel: pn_edge_chord_error                              8     0.003     0.0%     0.003     0.0%     0.002     0.001
beziers:   - _build_frame_bounds                         2     0.002     0.0%     0.002     0.0%     0.000     0.000
kernel: bezier_chord_hull_error                         10     0.002     0.0%     0.002     0.0%     0.002     0.000
free-VRAM probe (empty_cache)                            1     0.000     0.0%     0.000     0.0%     0.000     0.000
(unaccounted: video encode, scene mgmt, ...)                  -0.868    -2.8%

GPU telemetry over render (394 samples @ ~10 Hz, min/avg/max):
  utilization  0/45/100 %   mem-util 0/13/86 %
  SM clock     300/861/1590 MHz   mem clock 405/2702/5000 MHz
  temperature  44/60/78 C   power 10/38/86 W
  ** THROTTLING observed: SwPowerCap (run-to-run timing is unreliable) **

GPU memory: peak allocated 8413 MB, peak reserved 9564 MB
  batch 0: merged tensors 768.8 MB, BVHs 154.8 MB (cuda after merge 7235 MB)
    counts: num_colored_triangles=0, num_triangles=49515, num_circuits=41, num_frames=19
    tri_bvh: 937639 instances, 1398101 nodes, 1048576 leaves, 77.3 MB
    tri_opaque_bvh: 937639 instances, 1398101 nodes, 1048576 leaves, 77.3 MB
    bez_bvh: 779 instances, 1365 nodes, 1024 leaves, 0.1 MB
    bez_opaque_bvh: 779 instances, 1365 nodes, 1024 leaves, 0.1 MB
    textures: (19, 1574228, 5) = 570.5 MB
    tri_mat: (19, 49515, 34) = 122.0 MB
    tri_pos: (19, 49515, 9) = 32.3 MB
    tri_norm: (19, 49515, 9) = 32.3 MB
    tri_obj: (19, 49515) = 3.6 MB
    tri_tex_meta: (49515, 10) = 1.9 MB
  batch 1: merged tensors 447.0 MB, BVHs 154.8 MB (cuda after merge 6628 MB)
    counts: num_colored_triangles=0, num_triangles=49736, num_circuits=41, num_frames=11
    tri_bvh: 546571 instances, 1398101 nodes, 1048576 leaves, 77.3 MB
    tri_opaque_bvh: 546571 instances, 1398101 nodes, 1048576 leaves, 77.3 MB
    bez_bvh: 451 instances, 1365 nodes, 1024 leaves, 0.1 MB
    bez_opaque_bvh: 451 instances, 1365 nodes, 1024 leaves, 0.1 MB
    textures: (11, 1573846, 5) = 330.2 MB
    tri_mat: (11, 49736, 34) = 71.0 MB
    tri_pos: (11, 49736, 9) = 18.8 MB
    tri_norm: (11, 49736, 9) = 18.8 MB
    tri_obj: (11, 49736) = 2.1 MB
    tri_tex_meta: (49736, 10) = 1.9 MB
  cProfile dump: disabled (set ALGAN_PROFILE_CPROFILE=1)

------------------------------------------------------------------------------
Registers / occupancy not collected in-process (Taichi CUPTI toolkit unavailable here).
Run this to get them via nvprof:

  # registers per thread (no admin needed):
  ALGAN_UNDER_NVPROF=1 nvprof --print-gpu-trace --csv /usr/bin/python3 nn_ablation.py base UHD
  # achieved occupancy (may need admin on Pascal):
  ALGAN_UNDER_NVPROF=1 nvprof --metrics achieved_occupancy --csv /usr/bin/python3 nn_ablation.py base UHD
report written to algan_profile_report_nn_abl_base_UHD.txt

[  430.3s]   -> exit 0 in 101.2s
[  430.3s] RESULTS {"pv_base": {"seconds": 94.86, "exit": 0}, "pv_noshadow": {"seconds": 56.51, "exit": 0}, "pv_norefit": {"seconds": 59.28, "exit": 0}, "pv_noprefetch": {"seconds": 52.64, "exit": 0}, "uhd_norefit": {"seconds": 101.22, "exit": 0}}
[  430.3s] cache size: 130.1 MB
